measurementID,measurementType,measurementTypeID,measurementValue,measurementUnit,measurementUnitID
IYS:GoA2019_Stn3:trawl1:M0001:p:c_b_cys:Ct,Relative Ct-value, ,26.17153835, , 
IYS:GoA2019_Stn3:trawl1:M0001:p:hkg:Ct,Relative Ct-value, ,34.83729506, , 
IYS:GoA2019_Stn3:trawl1:M0001:p:ic_hof:Ct,Relative Ct-value, ,23.94974232, , 
IYS:GoA2019_Stn3:trawl1:M0001:p:lo_sal:Ct,Relative Ct-value, ,32.44956303, , 
IYS:GoA2019_Stn3:trawl1:M0001:p:pa_pse:Ct,Relative Ct-value, ,22.81573105, , 
IYS:GoA2019_Stn3:trawl1:M0001:p:pa_ther:Ct,Relative Ct-value, ,19.16055202, , 
IYS:GoA2019_Stn3:trawl1:M0001:p:sch:Ct,Relative Ct-value, ,17.17541504, , 
IYS:GoA2019_Stn3:trawl1:M0002:p:c_b_cys:Ct,Relative Ct-value, ,32.5293417, , 
IYS:GoA2019_Stn3:trawl1:M0002:p:hkg:Ct,Relative Ct-value, ,34.18847704, , 
IYS:GoA2019_Stn3:trawl1:M0002:p:ic_hof:Ct,Relative Ct-value, ,21.74460316, , 
IYS:GoA2019_Stn3:trawl1:M0002:p:IcD:Ct,Relative Ct-value, ,25.55366703, , 
IYS:GoA2019_Stn4:trawl1:M0003:p:c_b_cys:Ct,Relative Ct-value, ,26.43549061, , 
IYS:GoA2019_Stn4:trawl1:M0003:p:hkg:Ct,Relative Ct-value, ,34.27843523, , 
IYS:GoA2019_Stn4:trawl1:M0003:p:ic_hof:Ct,Relative Ct-value, ,23.85766983, , 
IYS:GoA2019_Stn4:trawl1:M0003:p:lo_sal:Ct,Relative Ct-value, ,31.58270788, , 
IYS:GoA2019_Stn4:trawl1:M0004:p:c_b_cys:Ct,Relative Ct-value, ,20.5059166, , 
IYS:GoA2019_Stn4:trawl1:M0004:p:hkg:Ct,Relative Ct-value, ,34.74944973, , 
IYS:GoA2019_Stn4:trawl1:M0004:p:ku_thy:Ct,Relative Ct-value, ,19.7456007, , 
IYS:GoA2019_Stn4:trawl1:M0005:p:c_b_cys:Ct,Relative Ct-value, ,33.53095007, , 
IYS:GoA2019_Stn4:trawl1:M0005:p:hkg:Ct,Relative Ct-value, ,33.8841033, , 
IYS:GoA2019_Stn4:trawl1:M0005:p:IcD:Ct,Relative Ct-value, ,29.58230137, , 
IYS:GoA2019_Stn4:trawl1:M0006:p:c_b_cys:Ct,Relative Ct-value, ,28.15630341, , 
IYS:GoA2019_Stn4:trawl1:M0006:p:hkg:Ct,Relative Ct-value, ,33.61738491, , 
IYS:GoA2019_Stn4:trawl1:M0006:p:ic_hof:Ct,Relative Ct-value, ,24.82933998, , 
IYS:GoA2019_Stn4:trawl1:M0007:p:c_b_cys:Ct,Relative Ct-value, ,23.35961437, , 
IYS:GoA2019_Stn4:trawl1:M0007:p:hkg:Ct,Relative Ct-value, ,34.85920477, , 
IYS:GoA2019_Stn4:trawl1:M0008:p:c_b_cys:Ct,Relative Ct-value, ,24.8829031, , 
IYS:GoA2019_Stn4:trawl1:M0008:p:hkg:Ct,Relative Ct-value, ,34.82928085, , 
IYS:GoA2019_Stn4:trawl1:M0009:p:c_b_cys:Ct,Relative Ct-value, ,31.6400795, , 
IYS:GoA2019_Stn4:trawl1:M0009:p:hkg:Ct,Relative Ct-value, ,34.62110996, , 
IYS:GoA2019_Stn4:trawl1:M0010:p:c_b_cys:Ct,Relative Ct-value, ,29.61118793, , 
IYS:GoA2019_Stn4:trawl1:M0010:p:hkg:Ct,Relative Ct-value, ,34.82482958, , 
IYS:GoA2019_Stn5:trawl1:M0011:p:c_b_cys:Ct,Relative Ct-value, ,24.71083069, , 
IYS:GoA2019_Stn5:trawl1:M0011:p:hkg:Ct,Relative Ct-value, ,34.46125507, , 
IYS:GoA2019_Stn5:trawl1:M0011:p:ic_hof:Ct,Relative Ct-value, ,21.61465073, , 
IYS:GoA2019_Stn5:trawl1:M0012:p:c_b_cys:Ct,Relative Ct-value, ,27.00724792, , 
IYS:GoA2019_Stn5:trawl1:M0012:p:hkg:Ct,Relative Ct-value, ,34.96974754, , 
IYS:GoA2019_Stn5:trawl1:M0012:p:ic_hof:Ct,Relative Ct-value, ,35.96259117, , 
IYS:GoA2019_Stn5:trawl1:M0012:p:lo_sal:Ct,Relative Ct-value, ,23.33078003, , 
IYS:GoA2019_Stn5:trawl1:M0012:p:Salmovirus:Ct,Relative Ct-value, ,27.58657742, , 
IYS:GoA2019_Stn5:trawl1:M0013:p:c_b_cys:Ct,Relative Ct-value, ,28.08650303, , 
IYS:GoA2019_Stn5:trawl1:M0013:p:hkg:Ct,Relative Ct-value, ,33.76016569, , 
IYS:GoA2019_Stn5:trawl1:M0013:p:lo_sal:Ct,Relative Ct-value, ,22.47473049, , 
IYS:GoA2019_Stn5:trawl1:M0014:p:c_b_cys:Ct,Relative Ct-value, ,21.1599226, , 
IYS:GoA2019_Stn5:trawl1:M0014:p:hkg:Ct,Relative Ct-value, ,33.4013319, , 
IYS:GoA2019_Stn5:trawl1:M0014:p:ver:Ct,Relative Ct-value, ,20.15091515, , 
IYS:GoA2019_Stn5:trawl1:M0015:p:c_b_cys:Ct,Relative Ct-value, ,22.15643501, , 
IYS:GoA2019_Stn5:trawl1:M0015:p:hkg:Ct,Relative Ct-value, ,33.96203709, , 
IYS:GoA2019_Stn5:trawl1:M0015:p:ic_hof:Ct,Relative Ct-value, ,37.51087427, , 
IYS:GoA2019_Stn5:trawl1:M0015:p:ver:Ct,Relative Ct-value, ,20.59706974, , 
IYS:GoA2019_Stn5:trawl1:M0016:p:c_b_cys:Ct,Relative Ct-value, ,22.4049511, , 
IYS:GoA2019_Stn5:trawl1:M0016:p:hkg:Ct,Relative Ct-value, ,34.11928082, , 
IYS:GoA2019_Stn38:trawl1:M0179:p:hkg:Ct,Relative Ct-value, ,36.33097363, , 
IYS:GoA2019_Stn38:trawl1:M0179:p:IcD:Ct,Relative Ct-value, ,12.82875067, , 
IYS:GoA2019_Stn38:trawl1:M0179:p:lo_sal:Ct,Relative Ct-value, ,40.15465331, , 
IYS:GoA2019_Stn12:trawl1:M0052:p:c_b_cys:Ct,Relative Ct-value, ,25.33522701, , 
IYS:GoA2019_Stn12:trawl1:M0052:p:hkg:Ct,Relative Ct-value, ,34.16003847, , 
IYS:GoA2019_Stn6:trawl1:M0019:p:c_b_cys:Ct,Relative Ct-value, ,25.58112144, , 
IYS:GoA2019_Stn6:trawl1:M0019:p:hkg:Ct,Relative Ct-value, ,34.66130447, , 
IYS:GoA2019_Stn6:trawl1:M0020:p:c_b_cys:Ct,Relative Ct-value, ,22.88726807, , 
IYS:GoA2019_Stn6:trawl1:M0020:p:hkg:Ct,Relative Ct-value, ,34.63561201, , 
IYS:GoA2019_Stn6:trawl1:M0021:p:c_b_cys:Ct,Relative Ct-value, ,26.2822628, , 
IYS:GoA2019_Stn6:trawl1:M0021:p:hkg:Ct,Relative Ct-value, ,34.41562033, , 
IYS:GoA2019_Stn6:trawl1:M0021:p:IcD:Ct,Relative Ct-value, ,27.76444371, , 
IYS:GoA2019_Stn35:trawl1:M0156:p:hkg:Ct,Relative Ct-value, ,36.80579996, , 
IYS:GoA2019_Stn35:trawl1:M0156:p:IcD:Ct,Relative Ct-value, ,21.41584565, , 
IYS:GoA2019_Stn35:trawl1:M0156:p:lo_sal:Ct,Relative Ct-value, ,25.61343098, , 
IYS:GoA2019_Stn36:trawl1:M0168:p:c_b_cys:Ct,Relative Ct-value, ,27.22366524, , 
IYS:GoA2019_Stn36:trawl1:M0168:p:hkg:Ct,Relative Ct-value, ,37.06632757, , 
IYS:GoA2019_Stn36:trawl1:M0168:p:lo_sal:Ct,Relative Ct-value, ,21.26473618, , 
IYS:GoA2019_Stn36:trawl1:M0168:p:pa_pse:Ct,Relative Ct-value, ,22.13355827, , 
IYS:GoA2019_Stn36:trawl1:M0168:p:sch:Ct,Relative Ct-value, ,19.92775726, , 
IYS:GoA2019_Stn8:trawl1:M0024:p:c_b_cys:Ct,Relative Ct-value, ,22.94031906, , 
IYS:GoA2019_Stn8:trawl1:M0024:p:hkg:Ct,Relative Ct-value, ,33.01352215, , 
IYS:GoA2019_Stn8:trawl1:M0024:p:ic_hof:Ct,Relative Ct-value, ,21.17510509, , 
IYS:GoA2019_Stn8:trawl1:M0025:p:hkg:Ct,Relative Ct-value, ,33.28533649, , 
IYS:GoA2019_Stn8:trawl1:M0025:p:ic_hof:Ct,Relative Ct-value, ,23.8161478, , 
IYS:GoA2019_Stn8:trawl1:M0026:p:c_b_cys:Ct,Relative Ct-value, ,27.86092186, , 
IYS:GoA2019_Stn8:trawl1:M0026:p:hkg:Ct,Relative Ct-value, ,35.58120728, , 
IYS:GoA2019_Stn8:trawl1:M0026:p:ic_hof:Ct,Relative Ct-value, ,38.36610699, , 
IYS:GoA2019_Stn8:trawl1:M0026:p:lo_sal:Ct,Relative Ct-value, ,29.53408337, , 
IYS:GoA2019_Stn8:trawl1:M0027:p:c_b_cys:Ct,Relative Ct-value, ,25.72846699, , 
IYS:GoA2019_Stn8:trawl1:M0027:p:hkg:Ct,Relative Ct-value, ,33.43859386, , 
IYS:GoA2019_Stn8:trawl1:M0027:p:ic_hof:Ct,Relative Ct-value, ,30.58083105, , 
IYS:GoA2019_Stn8:trawl1:M0027:p:IcD:Ct,Relative Ct-value, ,23.69102888, , 
IYS:GoA2019_Stn8:trawl1:M0028:p:c_b_cys:Ct,Relative Ct-value, ,25.64860725, , 
IYS:GoA2019_Stn8:trawl1:M0028:p:hkg:Ct,Relative Ct-value, ,33.44554806, , 
IYS:GoA2019_Stn8:trawl1:M0028:p:ic_hof:Ct,Relative Ct-value, ,36.65187025, , 
IYS:GoA2019_Stn8:trawl1:M0028:p:lo_sal:Ct,Relative Ct-value, ,36.71562386, , 
IYS:GoA2019_Stn8:trawl1:M0029:p:hkg:Ct,Relative Ct-value, ,32.32818794, , 
IYS:GoA2019_Stn8:trawl1:M0029:p:ic_hof:Ct,Relative Ct-value, ,35.87761164, , 
IYS:GoA2019_Stn8:trawl1:M0029:p:sch:Ct,Relative Ct-value, ,17.84868717, , 
IYS:GoA2019_Stn8:trawl1:M0030:p:c_b_cys:Ct,Relative Ct-value, ,21.16896057, , 
IYS:GoA2019_Stn8:trawl1:M0030:p:hkg:Ct,Relative Ct-value, ,33.88873482, , 
IYS:GoA2019_Stn8:trawl1:M0030:p:ic_hof:Ct,Relative Ct-value, ,38.85253882, , 
IYS:GoA2019_Stn8:trawl1:M0030:p:ku_thy:Ct,Relative Ct-value, ,28.49694443, , 
IYS:GoA2019_Stn8:trawl1:M0030:p:ver:Ct,Relative Ct-value, ,20.69845772, , 
IYS:GoA2019_Stn8:trawl1:M0031:p:c_b_cys:Ct,Relative Ct-value, ,20.12268353, , 
IYS:GoA2019_Stn8:trawl1:M0031:p:hkg:Ct,Relative Ct-value, ,32.60252857, , 
IYS:GoA2019_Stn8:trawl1:M0031:p:ic_hof:Ct,Relative Ct-value, ,36.63044214, , 
IYS:GoA2019_Stn8:trawl1:M0031:p:IcD:Ct,Relative Ct-value, ,16.4021892, , 
IYS:GoA2019_Stn8:trawl1:M0031:p:lo_sal:Ct,Relative Ct-value, ,21.06622314, , 
IYS:GoA2019_Stn8:trawl1:M0031:p:ver:Ct,Relative Ct-value, ,20.3884449, , 
IYS:GoA2019_Stn8:trawl1:M0032:p:c_b_cys:Ct,Relative Ct-value, ,25.51555157, , 
IYS:GoA2019_Stn8:trawl1:M0032:p:hkg:Ct,Relative Ct-value, ,34.5090847, , 
IYS:GoA2019_Stn8:trawl1:M0032:p:ic_hof:Ct,Relative Ct-value, ,37.72475386, , 
IYS:GoA2019_Stn8:trawl1:M0032:p:IcD:Ct,Relative Ct-value, ,27.14431212, , 
IYS:GoA2019_Stn8:trawl1:M0033:p:c_b_cys:Ct,Relative Ct-value, ,21.65397167, , 
IYS:GoA2019_Stn8:trawl1:M0033:p:hkg:Ct,Relative Ct-value, ,34.82762337, , 
IYS:GoA2019_Stn8:trawl1:M0033:p:pa_pse:Ct,Relative Ct-value, ,25.54921722, , 
IYS:GoA2019_Stn8:trawl1:M0033:p:ver:Ct,Relative Ct-value, ,20.76770306, , 
IYS:GoA2019_Stn59:trawl1:M0254:p:c_b_cys:Ct,Relative Ct-value, ,23.24487495, , 
IYS:GoA2019_Stn59:trawl1:M0254:p:ce_sha:Ct,Relative Ct-value, ,26.47386456, , 
IYS:GoA2019_Stn59:trawl1:M0254:p:hkg:Ct,Relative Ct-value, ,35.19313479, , 
IYS:GoA2019_Stn59:trawl1:M0254:p:ic_hof:Ct,Relative Ct-value, ,30.55811691, , 
IYS:GoA2019_Stn59:trawl1:M0254:p:lo_sal:Ct,Relative Ct-value, ,30.70075226, , 
IYS:GoA2019_Stn10:trawl1:M0035:p:c_b_cys:Ct,Relative Ct-value, ,24.70231342, , 
IYS:GoA2019_Stn10:trawl1:M0035:p:hkg:Ct,Relative Ct-value, ,32.83900452, , 
IYS:GoA2019_Stn10:trawl1:M0035:p:ic_hof:Ct,Relative Ct-value, ,23.32494831, , 
IYS:GoA2019_Stn10:trawl1:M0036:p:c_b_cys:Ct,Relative Ct-value, ,23.43958759, , 
IYS:GoA2019_Stn10:trawl1:M0036:p:hkg:Ct,Relative Ct-value, ,35.20720387, , 
IYS:GoA2019_Stn10:trawl1:M0036:p:ic_hof:Ct,Relative Ct-value, ,37.29851198, , 
IYS:GoA2019_Stn10:trawl1:M0036:p:IcD:Ct,Relative Ct-value, ,18.11849184, , 
IYS:GoA2019_Stn10:trawl1:M0037:p:c_b_cys:Ct,Relative Ct-value, ,24.12723446, , 
IYS:GoA2019_Stn10:trawl1:M0037:p:hkg:Ct,Relative Ct-value, ,32.93137074, , 
IYS:GoA2019_Stn10:trawl1:M0037:p:ic_hof:Ct,Relative Ct-value, ,21.25313187, , 
IYS:GoA2019_Stn10:trawl1:M0038:p:c_b_cys:Ct,Relative Ct-value, ,21.12244987, , 
IYS:GoA2019_Stn10:trawl1:M0038:p:hkg:Ct,Relative Ct-value, ,33.39157677, , 
IYS:GoA2019_Stn10:trawl1:M0038:p:lo_sal:Ct,Relative Ct-value, ,28.23263454, , 
IYS:GoA2019_Stn10:trawl1:M0038:p:sch:Ct,Relative Ct-value, ,19.15127373, , 
IYS:GoA2019_Stn38:trawl1:M0178:p:c_b_cys:Ct,Relative Ct-value, ,24.12261486, , 
IYS:GoA2019_Stn38:trawl1:M0178:p:hkg:Ct,Relative Ct-value, ,37.97384644, , 
IYS:GoA2019_Stn38:trawl1:M0178:p:ic_hof:Ct,Relative Ct-value, ,21.30725479, , 
IYS:GoA2019_Stn38:trawl1:M0178:p:lo_sal:Ct,Relative Ct-value, ,27.61459923, , 
IYS:GoA2019_Stn11:trawl1:M0040:p:hkg:Ct,Relative Ct-value, ,34.14978218, , 
IYS:GoA2019_Stn11:trawl1:M0040:p:IcD:Ct,Relative Ct-value, ,25.30579417, , 
IYS:GoA2019_Stn11:trawl1:M0040:p:lo_sal:Ct,Relative Ct-value, ,34.72560644, , 
IYS:GoA2019_Stn11:trawl1:M0040:p:pspv:Ct,Relative Ct-value, ,22.44070816, , 
IYS:GoA2019_Stn11:trawl1:M0041:p:hkg:Ct,Relative Ct-value, ,34.52915382, , 
IYS:GoA2019_Stn11:trawl1:M0041:p:lo_sal:Ct,Relative Ct-value, ,31.42840195, , 
IYS:GoA2019_Stn11:trawl1:M0041:p:pa_pse:Ct,Relative Ct-value, ,25.16251373, , 
IYS:GoA2019_Stn11:trawl1:M0042:p:c_b_cys:Ct,Relative Ct-value, ,19.486619, , 
IYS:GoA2019_Stn11:trawl1:M0042:p:hkg:Ct,Relative Ct-value, ,34.30870199, , 
IYS:GoA2019_Stn11:trawl1:M0042:p:ic_hof:Ct,Relative Ct-value, ,30.56175327, , 
IYS:GoA2019_Stn11:trawl1:M0042:p:IcD:Ct,Relative Ct-value, ,16.13972857, , 
IYS:GoA2019_Stn11:trawl1:M0042:p:pa_pse:Ct,Relative Ct-value, ,27.36283779, , 
IYS:GoA2019_Stn11:trawl1:M0042:p:pspv:Ct,Relative Ct-value, ,23.63476753, , 
IYS:GoA2019_Stn11:trawl1:M0042:p:sp_des:Ct,Relative Ct-value, ,22.42148399, , 
IYS:GoA2019_Stn11:trawl1:M0043:p:c_b_cys:Ct,Relative Ct-value, ,28.46041489, , 
IYS:GoA2019_Stn11:trawl1:M0043:p:hkg:Ct,Relative Ct-value, ,35.00974798, , 
IYS:GoA2019_Stn11:trawl1:M0043:p:ic_hof:Ct,Relative Ct-value, ,27.58221626, , 
IYS:GoA2019_Stn11:trawl1:M0043:p:lo_sal:Ct,Relative Ct-value, ,26.26430607, , 
IYS:GoA2019_Stn11:trawl1:M0044:p:c_b_cys:Ct,Relative Ct-value, ,22.37487793, , 
IYS:GoA2019_Stn11:trawl1:M0044:p:hkg:Ct,Relative Ct-value, ,34.23829651, , 
IYS:GoA2019_Stn11:trawl1:M0044:p:lo_sal:Ct,Relative Ct-value, ,22.03198242, , 
IYS:GoA2019_Stn11:trawl1:M0044:p:pa_pse:Ct,Relative Ct-value, ,22.81514835, , 
IYS:GoA2019_Stn11:trawl1:M0044:p:sp_des:Ct,Relative Ct-value, ,23.36187458, , 
IYS:GoA2019_Stn11:trawl1:M0045:p:c_b_cys:Ct,Relative Ct-value, ,25.67717934, , 
IYS:GoA2019_Stn11:trawl1:M0045:p:hkg:Ct,Relative Ct-value, ,34.03636503, , 
IYS:GoA2019_Stn11:trawl1:M0045:p:lo_sal:Ct,Relative Ct-value, ,26.71380901, , 
IYS:GoA2019_Stn11:trawl1:M0046:p:hkg:Ct,Relative Ct-value, ,31.68930721, , 
IYS:GoA2019_Stn11:trawl1:M0047:p:c_b_cys:Ct,Relative Ct-value, ,25.32494164, , 
IYS:GoA2019_Stn11:trawl1:M0047:p:hkg:Ct,Relative Ct-value, ,34.63173294, , 
IYS:GoA2019_Stn11:trawl1:M0047:p:Rhabdo3:Ct,Relative Ct-value, ,18.6153307, , 
IYS:GoA2019_Stn11:trawl1:M0048:p:c_b_cys:Ct,Relative Ct-value, ,30.63939428, , 
IYS:GoA2019_Stn11:trawl1:M0048:p:hkg:Ct,Relative Ct-value, ,35.1907773, , 
IYS:GoA2019_Stn11:trawl1:M0048:p:ic_hof:Ct,Relative Ct-value, ,40.25419498, , 
IYS:GoA2019_Stn11:trawl1:M0048:p:lo_sal:Ct,Relative Ct-value, ,28.95774508, , 
IYS:GoA2019_Stn11:trawl1:M0048:p:pa_pse:Ct,Relative Ct-value, ,23.79514599, , 
IYS:GoA2019_Stn44:trawl1:M0193:p:hkg:Ct,Relative Ct-value, ,37.468467, , 
IYS:GoA2019_Stn44:trawl1:M0193:p:pa_pse:Ct,Relative Ct-value, ,27.78040409, , 
IYS:GoA2019_Stn12:trawl1:M0050:p:c_b_cys:Ct,Relative Ct-value, ,25.46943283, , 
IYS:GoA2019_Stn12:trawl1:M0050:p:hkg:Ct,Relative Ct-value, ,34.40701294, , 
IYS:GoA2019_Stn12:trawl1:M0050:p:ic_hof:Ct,Relative Ct-value, ,25.04017258, , 
IYS:GoA2019_Stn12:trawl1:M0050:p:pa_pse:Ct,Relative Ct-value, ,21.34981155, , 
IYS:GoA2019_Stn12:trawl1:M0050:p:sp_des:Ct,Relative Ct-value, ,22.4651165, , 
IYS:GoA2019_Stn16:trawl1:M0064:p:c_b_cys:Ct,Relative Ct-value, ,23.06827354, , 
IYS:GoA2019_Stn16:trawl1:M0064:p:hkg:Ct,Relative Ct-value, ,33.41011047, , 
IYS:GoA2019_Stn16:trawl1:M0064:p:lo_sal:Ct,Relative Ct-value, ,31.55509615, , 
IYS:GoA2019_Stn44:trawl1:M0197:p:c_b_cys:Ct,Relative Ct-value, ,31.90136528, , 
IYS:GoA2019_Stn44:trawl1:M0197:p:hkg:Ct,Relative Ct-value, ,37.77105141, , 
IYS:GoA2019_Stn44:trawl1:M0197:p:pa_pse:Ct,Relative Ct-value, ,22.91812992, , 
IYS:GoA2019_Stn29:trawl1:M0109:p:c_b_cys:Ct,Relative Ct-value, ,24.18777752, , 
IYS:GoA2019_Stn29:trawl1:M0109:p:hkg:Ct,Relative Ct-value, ,33.04858208, , 
IYS:GoA2019_Stn29:trawl1:M0109:p:IcD:Ct,Relative Ct-value, ,16.67069396, , 
IYS:GoA2019_Stn13:trawl1:M0054:p:c_b_cys:Ct,Relative Ct-value, ,22.98626804, , 
IYS:GoA2019_Stn13:trawl1:M0054:p:hkg:Ct,Relative Ct-value, ,33.42520428, , 
IYS:GoA2019_Stn13:trawl1:M0054:p:lo_sal:Ct,Relative Ct-value, ,29.9712081, , 
IYS:GoA2019_Stn13:trawl1:M0054:p:pspv:Ct,Relative Ct-value, ,24.35646725, , 
IYS:GoA2019_Stn13:trawl1:M0054:p:sp_des:Ct,Relative Ct-value, ,24.31218529, , 
IYS:GoA2019_Stn14:trawl1:M0055:p:c_b_cys:Ct,Relative Ct-value, ,22.83163738, , 
IYS:GoA2019_Stn14:trawl1:M0055:p:hkg:Ct,Relative Ct-value, ,33.94898891, , 
IYS:GoA2019_Stn14:trawl1:M0055:p:pa_pse:Ct,Relative Ct-value, ,25.11844349, , 
IYS:GoA2019_Stn14:trawl1:M0056:p:c_b_cys:Ct,Relative Ct-value, ,26.46958733, , 
IYS:GoA2019_Stn14:trawl1:M0056:p:hkg:Ct,Relative Ct-value, ,34.46625519, , 
IYS:GoA2019_Stn14:trawl1:M0056:p:ic_hof:Ct,Relative Ct-value, ,36.07402849, , 
IYS:GoA2019_Stn14:trawl1:M0056:p:lo_sal:Ct,Relative Ct-value, ,35.03123379, , 
IYS:GoA2019_Stn14:trawl1:M0056:p:sp_des:Ct,Relative Ct-value, ,27.47612476, , 
IYS:GoA2019_Stn14:trawl1:M0056:p:ver:Ct,Relative Ct-value, ,20.62681198, , 
IYS:GoA2019_Stn15:trawl1:M0057:p:c_b_cys:Ct,Relative Ct-value, ,31.91870022, , 
IYS:GoA2019_Stn15:trawl1:M0057:p:hkg:Ct,Relative Ct-value, ,33.65795326, , 
IYS:GoA2019_Stn15:trawl1:M0057:p:ic_hof:Ct,Relative Ct-value, ,39.84383702, , 
IYS:GoA2019_Stn16:trawl1:M0058:p:c_b_cys:Ct,Relative Ct-value, ,24.38520145, , 
IYS:GoA2019_Stn16:trawl1:M0058:p:hkg:Ct,Relative Ct-value, ,34.14874649, , 
IYS:GoA2019_Stn16:trawl1:M0058:p:pspv:Ct,Relative Ct-value, ,23.19663143, , 
IYS:GoA2019_Stn16:trawl1:M0059:p:c_b_cys:Ct,Relative Ct-value, ,24.56536007, , 
IYS:GoA2019_Stn16:trawl1:M0059:p:hkg:Ct,Relative Ct-value, ,34.02571869, , 
IYS:GoA2019_Stn16:trawl1:M0059:p:lo_sal:Ct,Relative Ct-value, ,26.7251749, , 
IYS:GoA2019_Stn16:trawl1:M0059:p:sch:Ct,Relative Ct-value, ,25.45328999, , 
IYS:GoA2019_Stn16:trawl1:M0060:p:c_b_cys:Ct,Relative Ct-value, ,24.58525562, , 
IYS:GoA2019_Stn16:trawl1:M0060:p:hkg:Ct,Relative Ct-value, ,34.183743, , 
IYS:GoA2019_Stn16:trawl1:M0060:p:lo_sal:Ct,Relative Ct-value, ,21.27030468, , 
IYS:GoA2019_Stn16:trawl1:M0060:p:sch:Ct,Relative Ct-value, ,22.1796217, , 
IYS:GoA2019_Stn16:trawl1:M0061:p:hkg:Ct,Relative Ct-value, ,33.66620684, , 
IYS:GoA2019_Stn16:trawl1:M0061:p:lo_sal:Ct,Relative Ct-value, ,32.19911051, , 
IYS:GoA2019_Stn16:trawl1:M0062:p:c_b_cys:Ct,Relative Ct-value, ,24.28732491, , 
IYS:GoA2019_Stn16:trawl1:M0062:p:hkg:Ct,Relative Ct-value, ,33.24338675, , 
IYS:GoA2019_Stn16:trawl1:M0062:p:ic_hof:Ct,Relative Ct-value, ,25.66933918, , 
IYS:GoA2019_Stn16:trawl1:M0062:p:lo_sal:Ct,Relative Ct-value, ,27.739645, , 
IYS:GoA2019_Stn16:trawl1:M0063:p:hkg:Ct,Relative Ct-value, ,31.71164083, , 
IYS:GoA2019_Stn16:trawl1:M0063:p:lo_sal:Ct,Relative Ct-value, ,34.44731951, , 
IYS:GoA2019_Stn43:trawl1:M0189:p:c_b_cys:Ct,Relative Ct-value, ,20.19360447, , 
IYS:GoA2019_Stn43:trawl1:M0189:p:hkg:Ct,Relative Ct-value, ,35.65632439, , 
IYS:GoA2019_Stn30:trawl1:M0115:p:c_b_cys:Ct,Relative Ct-value, ,33.54054117, , 
IYS:GoA2019_Stn30:trawl1:M0115:p:hkg:Ct,Relative Ct-value, ,37.61491132, , 
IYS:GoA2019_Stn30:trawl1:M0115:p:IcD:Ct,Relative Ct-value, ,26.15356992, , 
IYS:GoA2019_Stn17:trawl1:M0066:p:hkg:Ct,Relative Ct-value, ,32.23003769, , 
IYS:GoA2019_Stn17:trawl1:M0066:p:lo_sal:Ct,Relative Ct-value, ,36.2104249, , 
IYS:GoA2019_Stn36:trawl1:M0164:p:c_b_cys:Ct,Relative Ct-value, ,27.23728466, , 
IYS:GoA2019_Stn36:trawl1:M0164:p:hkg:Ct,Relative Ct-value, ,36.66954613, , 
IYS:GoA2019_Stn36:trawl1:M0164:p:pa_pse:Ct,Relative Ct-value, ,25.03203011, , 
IYS:GoA2019_Stn10:trawl1:M0039:p:c_b_cys:Ct,Relative Ct-value, ,32.45344925, , 
IYS:GoA2019_Stn10:trawl1:M0039:p:hkg:Ct,Relative Ct-value, ,32.86531162, , 
IYS:GoA2019_Stn10:trawl1:M0039:p:IcD:Ct,Relative Ct-value, ,31.13508233, , 
IYS:GoA2019_Stn34:trawl1:M0148:p:c_b_cys:Ct,Relative Ct-value, ,23.22859192, , 
IYS:GoA2019_Stn34:trawl1:M0148:p:hkg:Ct,Relative Ct-value, ,35.40876055, , 
IYS:GoA2019_Stn22:trawl1:M0070:p:hkg:Ct,Relative Ct-value, ,32.71286488, , 
IYS:GoA2019_Stn22:trawl1:M0070:p:lo_sal:Ct,Relative Ct-value, ,25.58095741, , 
IYS:GoA2019_Stn22:trawl1:M0070:p:pspv:Ct,Relative Ct-value, ,20.43860435, , 
IYS:GoA2019_Stn22:trawl1:M0071:p:hkg:Ct,Relative Ct-value, ,32.99966812, , 
IYS:GoA2019_Stn22:trawl1:M0072:p:hkg:Ct,Relative Ct-value, ,31.68017435, , 
IYS:GoA2019_Stn22:trawl1:M0073:p:c_b_cys:Ct,Relative Ct-value, ,31.40286255, , 
IYS:GoA2019_Stn22:trawl1:M0073:p:hkg:Ct,Relative Ct-value, ,37.90937948, , 
IYS:GoA2019_Stn22:trawl1:M0073:p:ic_hof:Ct,Relative Ct-value, ,21.6525383, , 
IYS:GoA2019_Stn22:trawl1:M0073:p:lo_sal:Ct,Relative Ct-value, ,35.62775755, , 
IYS:GoA2019_Stn22:trawl1:M0073:p:pspv:Ct,Relative Ct-value, ,20.75784302, , 
IYS:GoA2019_Stn22:trawl1:M0073:p:sp_des:Ct,Relative Ct-value, ,25.24037933, , 
IYS:GoA2019_Stn22:trawl1:M0074:p:c_b_cys:Ct,Relative Ct-value, ,24.84017277, , 
IYS:GoA2019_Stn22:trawl1:M0074:p:hkg:Ct,Relative Ct-value, ,37.16677284, , 
IYS:GoA2019_Stn22:trawl1:M0074:p:ic_hof:Ct,Relative Ct-value, ,23.45594025, , 
IYS:GoA2019_Stn22:trawl1:M0075:p:hkg:Ct,Relative Ct-value, ,37.46887469, , 
IYS:GoA2019_Stn22:trawl1:M0075:p:ic_hof:Ct,Relative Ct-value, ,22.18713474, , 
IYS:GoA2019_Stn22:trawl1:M0075:p:lo_sal:Ct,Relative Ct-value, ,29.93454075, , 
IYS:GoA2019_Stn22:trawl1:M0075:p:pspv:Ct,Relative Ct-value, ,29.23922491, , 
IYS:GoA2019_Stn22:trawl1:M0076:p:c_b_cys:Ct,Relative Ct-value, ,26.81428814, , 
IYS:GoA2019_Stn22:trawl1:M0076:p:hkg:Ct,Relative Ct-value, ,37.09680796, , 
IYS:GoA2019_Stn22:trawl1:M0076:p:pspv:Ct,Relative Ct-value, ,25.61910534, , 
IYS:GoA2019_Stn22:trawl1:M0076:p:sch:Ct,Relative Ct-value, ,21.80292034, , 
IYS:GoA2019_Stn22:trawl1:M0076:p:sp_des:Ct,Relative Ct-value, ,22.62322998, , 
IYS:GoA2019_Stn22:trawl1:M0077:p:c_b_cys:Ct,Relative Ct-value, ,36.79938841, , 
IYS:GoA2019_Stn22:trawl1:M0077:p:hkg:Ct,Relative Ct-value, ,38.0569427, , 
IYS:GoA2019_Stn22:trawl1:M0077:p:lo_sal:Ct,Relative Ct-value, ,24.40624237, , 
IYS:GoA2019_Stn22:trawl1:M0078:p:hkg:Ct,Relative Ct-value, ,36.17610598, , 
IYS:GoA2019_Stn22:trawl1:M0078:p:pspv:Ct,Relative Ct-value, ,21.19339848, , 
IYS:GoA2019_Stn22:trawl1:M0079:p:hkg:Ct,Relative Ct-value, ,37.21000648, , 
IYS:GoA2019_Stn22:trawl1:M0079:p:lo_sal:Ct,Relative Ct-value, ,25.27995586, , 
IYS:GoA2019_Stn22:trawl1:M0079:p:sp_des:Ct,Relative Ct-value, ,24.69248199, , 
IYS:GoA2019_Stn30:trawl1:M0117:p:c_b_cys:Ct,Relative Ct-value, ,27.03879166, , 
IYS:GoA2019_Stn30:trawl1:M0117:p:hkg:Ct,Relative Ct-value, ,36.31879854, , 
IYS:GoA2019_Stn30:trawl1:M0117:p:IcD:Ct,Relative Ct-value, ,15.80957099, , 
IYS:GoA2019_Stn24:trawl1:M0081:p:c_b_cys:Ct,Relative Ct-value, ,28.49404812, , 
IYS:GoA2019_Stn24:trawl1:M0081:p:hkg:Ct,Relative Ct-value, ,37.42676497, , 
IYS:GoA2019_Stn24:trawl1:M0081:p:ic_hof:Ct,Relative Ct-value, ,22.42055416, , 
IYS:GoA2019_Stn24:trawl1:M0081:p:IcD:Ct,Relative Ct-value, ,20.39525316, , 
IYS:GoA2019_Stn24:trawl1:M0081:p:lo_sal:Ct,Relative Ct-value, ,34.70630264, , 
IYS:GoA2019_Stn24:trawl1:M0081:p:sp_des:Ct,Relative Ct-value, ,25.98298264, , 
IYS:GoA2019_Stn25:trawl1:M0082:p:hkg:Ct,Relative Ct-value, ,35.50398493, , 
IYS:GoA2019_Stn25:trawl1:M0082:p:ic_hof:Ct,Relative Ct-value, ,24.90081596, , 
IYS:GoA2019_Stn25:trawl1:M0082:p:lo_sal:Ct,Relative Ct-value, ,32.26067495, , 
IYS:GoA2019_Stn25:trawl1:M0083:p:c_b_cys:Ct,Relative Ct-value, ,32.4224925, , 
IYS:GoA2019_Stn25:trawl1:M0083:p:hkg:Ct,Relative Ct-value, ,37.1317265, , 
IYS:GoA2019_Stn25:trawl1:M0083:p:pspv:Ct,Relative Ct-value, ,23.11489868, , 
IYS:GoA2019_Stn25:trawl1:M0083:p:sp_des:Ct,Relative Ct-value, ,24.8003521, , 
IYS:GoA2019_Stn25:trawl1:M0084:p:c_b_cys:Ct,Relative Ct-value, ,26.49869728, , 
IYS:GoA2019_Stn25:trawl1:M0084:p:hkg:Ct,Relative Ct-value, ,36.71378136, , 
IYS:GoA2019_Stn25:trawl1:M0084:p:lo_sal:Ct,Relative Ct-value, ,32.45126438, , 
IYS:GoA2019_Stn25:trawl1:M0085:p:c_b_cys:Ct,Relative Ct-value, ,29.20915937, , 
IYS:GoA2019_Stn25:trawl1:M0085:p:hkg:Ct,Relative Ct-value, ,37.94432831, , 
IYS:GoA2019_Stn25:trawl1:M0085:p:lo_sal:Ct,Relative Ct-value, ,35.68986321, , 
IYS:GoA2019_Stn25:trawl1:M0086:p:hkg:Ct,Relative Ct-value, ,37.82605052, , 
IYS:GoA2019_Stn25:trawl1:M0086:p:lo_sal:Ct,Relative Ct-value, ,27.8023653, , 
IYS:GoA2019_Stn25:trawl1:M0087:p:hkg:Ct,Relative Ct-value, ,37.25316644, , 
IYS:GoA2019_Stn25:trawl1:M0088:p:c_b_cys:Ct,Relative Ct-value, ,29.00075626, , 
IYS:GoA2019_Stn25:trawl1:M0088:p:hkg:Ct,Relative Ct-value, ,37.39590716, , 
IYS:GoA2019_Stn25:trawl1:M0088:p:lo_sal:Ct,Relative Ct-value, ,31.76728582, , 
IYS:GoA2019_Stn25:trawl1:M0088:p:pspv:Ct,Relative Ct-value, ,28.53035355, , 
IYS:GoA2019_Stn25:trawl1:M0089:p:hkg:Ct,Relative Ct-value, ,36.51726151, , 
IYS:GoA2019_Stn25:trawl1:M0089:p:lo_sal:Ct,Relative Ct-value, ,27.79550457, , 
IYS:GoA2019_Stn25:trawl1:M0089:p:pspv:Ct,Relative Ct-value, ,22.87639999, , 
IYS:GoA2019_Stn25:trawl1:M0089:p:sch:Ct,Relative Ct-value, ,20.74513817, , 
IYS:GoA2019_Stn25:trawl1:M0089:p:sp_des:Ct,Relative Ct-value, ,23.59316921, , 
IYS:GoA2019_Stn25:trawl1:M0090:p:hkg:Ct,Relative Ct-value, ,37.57889652, , 
IYS:GoA2019_Stn25:trawl1:M0090:p:ic_hof:Ct,Relative Ct-value, ,23.79078102, , 
IYS:GoA2019_Stn25:trawl1:M0090:p:pspv:Ct,Relative Ct-value, ,29.20675325, , 
IYS:GoA2019_Stn9:trawl1:M0034:p:c_b_cys:Ct,Relative Ct-value, ,26.20674133, , 
IYS:GoA2019_Stn9:trawl1:M0034:p:hkg:Ct,Relative Ct-value, ,33.65968418, , 
IYS:GoA2019_Stn9:trawl1:M0034:p:ic_hof:Ct,Relative Ct-value, ,39.8640306, , 
IYS:GoA2019_Stn9:trawl1:M0034:p:lo_sal:Ct,Relative Ct-value, ,20.63438606, , 
IYS:GoA2019_Stn26:trawl1:M0092:p:c_b_cys:Ct,Relative Ct-value, ,20.84762669, , 
IYS:GoA2019_Stn26:trawl1:M0092:p:hkg:Ct,Relative Ct-value, ,35.37982035, , 
IYS:GoA2019_Stn26:trawl1:M0092:p:pspv:Ct,Relative Ct-value, ,20.25633144, , 
IYS:GoA2019_Stn26:trawl1:M0093:p:c_b_cys:Ct,Relative Ct-value, ,24.04317665, , 
IYS:GoA2019_Stn26:trawl1:M0093:p:hkg:Ct,Relative Ct-value, ,36.43239617, , 
IYS:GoA2019_Stn26:trawl1:M0093:p:lo_sal:Ct,Relative Ct-value, ,24.15941715, , 
IYS:GoA2019_Stn26:trawl1:M0093:p:pspv:Ct,Relative Ct-value, ,29.25837755, , 
IYS:GoA2019_Stn30:trawl1:M0111:p:hkg:Ct,Relative Ct-value, ,35.63912535, , 
IYS:GoA2019_Stn25:trawl1:M0091:p:c_b_cys:Ct,Relative Ct-value, ,22.04105282, , 
IYS:GoA2019_Stn25:trawl1:M0091:p:hkg:Ct,Relative Ct-value, ,36.57314158, , 
IYS:GoA2019_Stn25:trawl1:M0091:p:ic_hof:Ct,Relative Ct-value, ,21.4059391, , 
IYS:GoA2019_Stn27:trawl1:M0096:p:hkg:Ct,Relative Ct-value, ,37.43870926, , 
IYS:GoA2019_Stn27:trawl1:M0096:p:lo_sal:Ct,Relative Ct-value, ,31.68988132, , 
IYS:GoA2019_Stn27:trawl1:M0097:p:c_b_cys:Ct,Relative Ct-value, ,30.52309561, , 
IYS:GoA2019_Stn27:trawl1:M0097:p:hkg:Ct,Relative Ct-value, ,37.15348864, , 
IYS:GoA2019_Stn27:trawl1:M0097:p:lo_sal:Ct,Relative Ct-value, ,33.98367262, , 
IYS:GoA2019_Stn27:trawl1:M0097:p:pspv:Ct,Relative Ct-value, ,24.18112946, , 
IYS:GoA2019_Stn27:trawl1:M0098:p:hkg:Ct,Relative Ct-value, ,36.84857869, , 
IYS:GoA2019_Stn27:trawl1:M0098:p:lo_sal:Ct,Relative Ct-value, ,27.17437363, , 
IYS:GoA2019_Stn27:trawl1:M0098:p:pspv:Ct,Relative Ct-value, ,22.56032276, , 
IYS:GoA2019_Stn27:trawl1:M0098:p:sp_des:Ct,Relative Ct-value, ,27.85423279, , 
IYS:GoA2019_Stn27:trawl1:M0099:p:c_b_cys:Ct,Relative Ct-value, ,31.92567539, , 
IYS:GoA2019_Stn27:trawl1:M0099:p:hkg:Ct,Relative Ct-value, ,38.27593136, , 
IYS:GoA2019_Stn35:trawl1:M0157:p:c_b_cys:Ct,Relative Ct-value, ,27.26917648, , 
IYS:GoA2019_Stn35:trawl1:M0157:p:hkg:Ct,Relative Ct-value, ,36.13597775, , 
IYS:GoA2019_Stn35:trawl1:M0157:p:lo_sal:Ct,Relative Ct-value, ,28.40315056, , 
IYS:GoA2019_Stn31:trawl1:M0119:p:c_b_cys:Ct,Relative Ct-value, ,28.47189713, , 
IYS:GoA2019_Stn31:trawl1:M0119:p:hkg:Ct,Relative Ct-value, ,37.02984834, , 
IYS:GoA2019_Stn31:trawl1:M0119:p:ic_hof:Ct,Relative Ct-value, ,26.28308105, , 
IYS:GoA2019_Stn31:trawl1:M0119:p:IcD:Ct,Relative Ct-value, ,27.74607363, , 
IYS:GoA2019_Stn28:trawl1:M0102:p:hkg:Ct,Relative Ct-value, ,38.12487483, , 
IYS:GoA2019_Stn28:trawl1:M0102:p:lo_sal:Ct,Relative Ct-value, ,25.54632092, , 
IYS:GoA2019_Stn28:trawl1:M0103:p:hkg:Ct,Relative Ct-value, ,35.25422859, , 
IYS:GoA2019_Stn28:trawl1:M0103:p:ic_hof:Ct,Relative Ct-value, ,28.37283325, , 
IYS:GoA2019_Stn28:trawl1:M0103:p:lo_sal:Ct,Relative Ct-value, ,36.31016254, , 
IYS:GoA2019_Stn29:trawl1:M0106:p:ce_sha:Ct,Relative Ct-value, ,20.13641548, , 
IYS:GoA2019_Stn29:trawl1:M0106:p:hkg:Ct,Relative Ct-value, ,35.82112837, , 
IYS:GoA2019_Stn5:trawl1:M0018:p:hkg:Ct,Relative Ct-value, ,34.06072378, , 
IYS:GoA2019_Stn5:trawl1:M0018:p:ic_hof:Ct,Relative Ct-value, ,21.75753117, , 
IYS:GoA2019_Stn5:trawl1:M0018:p:lo_sal:Ct,Relative Ct-value, ,39.88868451, , 
IYS:GoA2019_Stn19:trawl1:M0069:p:hkg:Ct,Relative Ct-value, ,28.13107204, , 
IYS:GoA2019_Stn36:trawl1:M0166:p:c_b_cys:Ct,Relative Ct-value, ,22.51156616, , 
IYS:GoA2019_Stn36:trawl1:M0166:p:hkg:Ct,Relative Ct-value, ,37.12964177, , 
IYS:GoA2019_Stn28:trawl1:M0104:p:hkg:Ct,Relative Ct-value, ,35.68341065, , 
IYS:GoA2019_Stn28:trawl1:M0104:p:IcD:Ct,Relative Ct-value, ,16.88012979, , 
IYS:GoA2019_Stn28:trawl1:M0104:p:sch:Ct,Relative Ct-value, ,21.78217983, , 
IYS:GoA2019_Stn44:trawl1:M0194:p:c_b_cys:Ct,Relative Ct-value, ,21.22041321, , 
IYS:GoA2019_Stn44:trawl1:M0194:p:hkg:Ct,Relative Ct-value, ,37.4412837, , 
IYS:GoA2019_Stn44:trawl1:M0194:p:lo_sal:Ct,Relative Ct-value, ,33.93740845, , 
IYS:GoA2019_Stn44:trawl1:M0194:p:pa_pse:Ct,Relative Ct-value, ,24.93782139, , 
IYS:GoA2019_Stn35:trawl1:M0151:p:c_b_cys:Ct,Relative Ct-value, ,22.69630241, , 
IYS:GoA2019_Stn35:trawl1:M0151:p:hkg:Ct,Relative Ct-value, ,35.46514511, , 
IYS:GoA2019_Stn35:trawl1:M0151:p:pa_pse:Ct,Relative Ct-value, ,25.00472355, , 
IYS:GoA2019_Stn35:trawl1:M0154:p:hkg:Ct,Relative Ct-value, ,36.76982212, , 
IYS:GoA2019_Stn35:trawl1:M0154:p:pa_pse:Ct,Relative Ct-value, ,25.79049015, , 
IYS:GoA2019_Stn36:trawl1:M0165:p:hkg:Ct,Relative Ct-value, ,35.0586257, , 
IYS:GoA2019_Stn36:trawl1:M0165:p:lo_sal:Ct,Relative Ct-value, ,28.90569735, , 
IYS:GoA2019_Stn36:trawl1:M0165:p:pa_pse:Ct,Relative Ct-value, ,24.37156105, , 
IYS:GoA2019_Stn58:trawl1:M0253:p:c_b_cys:Ct,Relative Ct-value, ,23.38581085, , 
IYS:GoA2019_Stn58:trawl1:M0253:p:hkg:Ct,Relative Ct-value, ,37.37356257, , 
IYS:GoA2019_Stn58:trawl1:M0253:p:ic_hof:Ct,Relative Ct-value, ,30.79581976, , 
IYS:GoA2019_Stn58:trawl1:M0253:p:lo_sal:Ct,Relative Ct-value, ,37.05184031, , 
IYS:GoA2019_Stn58:trawl1:M0253:p:pa_pse:Ct,Relative Ct-value, ,27.6586647, , 
IYS:GoA2019_Stn12:trawl1:M0051:p:c_b_cys:Ct,Relative Ct-value, ,28.83829212, , 
IYS:GoA2019_Stn12:trawl1:M0051:p:hkg:Ct,Relative Ct-value, ,32.87796593, , 
IYS:GoA2019_Stn12:trawl1:M0051:p:IcD:Ct,Relative Ct-value, ,20.9266652, , 
IYS:GoA2019_Stn29:trawl1:M0108:p:c_b_cys:Ct,Relative Ct-value, ,30.92275, , 
IYS:GoA2019_Stn29:trawl1:M0108:p:hkg:Ct,Relative Ct-value, ,38.5010612, , 
IYS:GoA2019_Stn29:trawl1:M0108:p:ic_hof:Ct,Relative Ct-value, ,26.00257492, , 
IYS:GoA2019_Stn29:trawl1:M0108:p:my_ins:Ct,Relative Ct-value, ,21.66786289, , 
IYS:GoA2019_Stn42:trawl1:M0183:p:c_b_cys:Ct,Relative Ct-value, ,26.46345997, , 
IYS:GoA2019_Stn42:trawl1:M0183:p:hkg:Ct,Relative Ct-value, ,36.52952814, , 
IYS:GoA2019_Stn42:trawl1:M0183:p:pa_pse:Ct,Relative Ct-value, ,24.73259544, , 
IYS:GoA2019_Stn42:trawl1:M0183:p:sp_des:Ct,Relative Ct-value, ,22.83861542, , 
IYS:GoA2019_Stn27:trawl1:M0101:p:c_b_cys:Ct,Relative Ct-value, ,30.93836832, , 
IYS:GoA2019_Stn27:trawl1:M0101:p:hkg:Ct,Relative Ct-value, ,37.38977909, , 
IYS:GoA2019_Stn43:trawl1:M0187:p:hkg:Ct,Relative Ct-value, ,36.54507685, , 
IYS:GoA2019_Stn43:trawl1:M0187:p:lo_sal:Ct,Relative Ct-value, ,30.56429195, , 
IYS:GoA2019_Stn44:trawl1:M0198:p:c_b_cys:Ct,Relative Ct-value, ,28.81849575, , 
IYS:GoA2019_Stn44:trawl1:M0198:p:hkg:Ct,Relative Ct-value, ,36.57278299, , 
IYS:GoA2019_Stn44:trawl1:M0198:p:ic_hof:Ct,Relative Ct-value, ,27.60857105, , 
IYS:GoA2019_Stn44:trawl1:M0198:p:IcD:Ct,Relative Ct-value, ,23.22943323, , 
IYS:GoA2019_Stn44:trawl1:M0198:p:pa_pse:Ct,Relative Ct-value, ,22.14813423, , 
IYS:GoA2019_Stn31:trawl1:M0120:p:c_b_cys:Ct,Relative Ct-value, ,21.49775505, , 
IYS:GoA2019_Stn31:trawl1:M0120:p:hkg:Ct,Relative Ct-value, ,33.93146563, , 
IYS:GoA2019_Stn31:trawl1:M0120:p:ic_hof:Ct,Relative Ct-value, ,28.8329711, , 
IYS:GoA2019_Stn31:trawl1:M0121:p:c_b_cys:Ct,Relative Ct-value, ,28.15835762, , 
IYS:GoA2019_Stn31:trawl1:M0121:p:hkg:Ct,Relative Ct-value, ,39.51242805, , 
IYS:GoA2019_Stn31:trawl1:M0121:p:ic_hof:Ct,Relative Ct-value, ,27.58671665, , 
IYS:GoA2019_Stn31:trawl1:M0121:p:IcD:Ct,Relative Ct-value, ,17.18847419, , 
IYS:GoA2019_Stn31:trawl1:M0121:p:lo_sal:Ct,Relative Ct-value, ,38.64583516, , 
IYS:GoA2019_Stn31:trawl1:M0121:p:pa_kab:Ct,Relative Ct-value, ,27.90257931, , 
IYS:GoA2019_Stn31:trawl1:M0121:p:ven:Ct,Relative Ct-value, ,27.4526453, , 
IYS:GoA2019_Stn31:trawl1:M0122:p:c_b_cys:Ct,Relative Ct-value, ,37.0975697, , 
IYS:GoA2019_Stn31:trawl1:M0122:p:hkg:Ct,Relative Ct-value, ,37.25969338, , 
IYS:GoA2019_Stn31:trawl1:M0122:p:ic_hof:Ct,Relative Ct-value, ,42.5, , 
IYS:GoA2019_Stn31:trawl1:M0123:p:c_b_cys:Ct,Relative Ct-value, ,25.36600494, , 
IYS:GoA2019_Stn31:trawl1:M0123:p:hkg:Ct,Relative Ct-value, ,35.53841162, , 
IYS:GoA2019_Stn31:trawl1:M0123:p:ic_hof:Ct,Relative Ct-value, ,42.13311303, , 
IYS:GoA2019_Stn31:trawl1:M0123:p:lo_sal:Ct,Relative Ct-value, ,26.03456306, , 
IYS:GoA2019_Stn31:trawl1:M0123:p:ver:Ct,Relative Ct-value, ,20.48465633, , 
IYS:GoA2019_Stn36:trawl1:M0163:p:hkg:Ct,Relative Ct-value, ,34.67113924, , 
IYS:GoA2019_Stn11:trawl1:M0049:p:ce_sha:Ct,Relative Ct-value, ,22.65297031, , 
IYS:GoA2019_Stn11:trawl1:M0049:p:hkg:Ct,Relative Ct-value, ,32.70146227, , 
IYS:GoA2019_Stn11:trawl1:M0049:p:lo_sal:Ct,Relative Ct-value, ,21.558424, , 
IYS:GoA2019_Stn32:trawl1:M0126:p:c_b_cys:Ct,Relative Ct-value, ,26.28804398, , 
IYS:GoA2019_Stn32:trawl1:M0126:p:hkg:Ct,Relative Ct-value, ,37.80546188, , 
IYS:GoA2019_Stn32:trawl1:M0126:p:ic_hof:Ct,Relative Ct-value, ,42.02285242, , 
IYS:GoA2019_Stn32:trawl1:M0126:p:ver:Ct,Relative Ct-value, ,21.93380451, , 
IYS:GoA2019_Stn32:trawl1:M0127:p:c_b_cys:Ct,Relative Ct-value, ,24.16720104, , 
IYS:GoA2019_Stn32:trawl1:M0127:p:hkg:Ct,Relative Ct-value, ,36.12324238, , 
IYS:GoA2019_Stn32:trawl1:M0127:p:ic_hof:Ct,Relative Ct-value, ,42.10030246, , 
IYS:GoA2019_Stn32:trawl1:M0127:p:sch:Ct,Relative Ct-value, ,18.69283676, , 
IYS:GoA2019_Stn32:trawl1:M0127:p:ver:Ct,Relative Ct-value, ,22.50503254, , 
IYS:GoA2019_Stn32:trawl1:M0128:p:c_b_cys:Ct,Relative Ct-value, ,29.51776505, , 
IYS:GoA2019_Stn32:trawl1:M0128:p:hkg:Ct,Relative Ct-value, ,38.17335606, , 
IYS:GoA2019_Stn32:trawl1:M0128:p:ic_hof:Ct,Relative Ct-value, ,36.6405046, , 
IYS:GoA2019_Stn32:trawl1:M0129:p:c_b_cys:Ct,Relative Ct-value, ,26.37072086, , 
IYS:GoA2019_Stn32:trawl1:M0129:p:hkg:Ct,Relative Ct-value, ,35.7117815, , 
IYS:GoA2019_Stn32:trawl1:M0129:p:ic_hof:Ct,Relative Ct-value, ,28.10038376, , 
IYS:GoA2019_Stn32:trawl1:M0130:p:c_b_cys:Ct,Relative Ct-value, ,37.85835099, , 
IYS:GoA2019_Stn32:trawl1:M0130:p:hkg:Ct,Relative Ct-value, ,38.02017617, , 
IYS:GoA2019_Stn32:trawl1:M0131:p:c_b_cys:Ct,Relative Ct-value, ,27.10866833, , 
IYS:GoA2019_Stn32:trawl1:M0131:p:hkg:Ct,Relative Ct-value, ,37.31730413, , 
IYS:GoA2019_Stn32:trawl1:M0131:p:ic_hof:Ct,Relative Ct-value, ,32.4770112, , 
IYS:GoA2019_Stn32:trawl1:M0131:p:lo_sal:Ct,Relative Ct-value, ,37.27994156, , 
IYS:GoA2019_Stn32:trawl1:M0132:p:c_b_cys:Ct,Relative Ct-value, ,28.25913906, , 
IYS:GoA2019_Stn32:trawl1:M0132:p:hkg:Ct,Relative Ct-value, ,37.81490803, , 
IYS:GoA2019_Stn32:trawl1:M0132:p:ic_hof:Ct,Relative Ct-value, ,29.37888765, , 
IYS:GoA2019_Stn16:trawl1:M0065:p:hkg:Ct,Relative Ct-value, ,33.00226021, , 
IYS:GoA2019_Stn16:trawl1:M0065:p:ic_hof:Ct,Relative Ct-value, ,23.90250778, , 
IYS:GoA2019_Stn16:trawl1:M0065:p:pa_pse:Ct,Relative Ct-value, ,20.65999126, , 
IYS:GoA2019_Stn35:trawl1:M0153:p:hkg:Ct,Relative Ct-value, ,35.05193996, , 
IYS:GoA2019_Stn28:trawl1:M0105:p:c_b_cys:Ct,Relative Ct-value, ,27.02160358, , 
IYS:GoA2019_Stn28:trawl1:M0105:p:hkg:Ct,Relative Ct-value, ,35.9384594, , 
IYS:GoA2019_Stn28:trawl1:M0105:p:lo_sal:Ct,Relative Ct-value, ,29.33610296, , 
IYS:GoA2019_Stn33:trawl1:M0136:p:c_b_cys:Ct,Relative Ct-value, ,24.81468678, , 
IYS:GoA2019_Stn33:trawl1:M0136:p:hkg:Ct,Relative Ct-value, ,35.5046525, , 
IYS:GoA2019_Stn33:trawl1:M0136:p:ic_hof:Ct,Relative Ct-value, ,41.36787415, , 
IYS:GoA2019_Stn33:trawl1:M0137:p:c_b_cys:Ct,Relative Ct-value, ,31.95571661, , 
IYS:GoA2019_Stn33:trawl1:M0137:p:hkg:Ct,Relative Ct-value, ,36.87506414, , 
IYS:GoA2019_Stn33:trawl1:M0138:p:c_b_cys:Ct,Relative Ct-value, ,28.04015923, , 
IYS:GoA2019_Stn33:trawl1:M0138:p:hkg:Ct,Relative Ct-value, ,36.94040465, , 
IYS:GoA2019_Stn33:trawl1:M0139:p:c_b_cys:Ct,Relative Ct-value, ,29.58413124, , 
IYS:GoA2019_Stn33:trawl1:M0139:p:hkg:Ct,Relative Ct-value, ,37.60753989, , 
IYS:GoA2019_Stn33:trawl1:M0139:p:lo_sal:Ct,Relative Ct-value, ,32.3863163, , 
IYS:GoA2019_Stn33:trawl1:M0139:p:sch:Ct,Relative Ct-value, ,24.69503498, , 
IYS:GoA2019_Stn33:trawl1:M0139:p:ver:Ct,Relative Ct-value, ,23.95668888, , 
IYS:GoA2019_Stn33:trawl1:M0140:p:c_b_cys:Ct,Relative Ct-value, ,27.69327259, , 
IYS:GoA2019_Stn33:trawl1:M0140:p:hkg:Ct,Relative Ct-value, ,37.55959392, , 
IYS:GoA2019_Stn33:trawl1:M0140:p:ic_hof:Ct,Relative Ct-value, ,29.95854139, , 
IYS:GoA2019_Stn33:trawl1:M0141:p:hkg:Ct,Relative Ct-value, ,36.17355633, , 
IYS:GoA2019_Stn33:trawl1:M0142:p:c_b_cys:Ct,Relative Ct-value, ,33.5874505, , 
IYS:GoA2019_Stn33:trawl1:M0142:p:hkg:Ct,Relative Ct-value, ,37.28805351, , 
IYS:GoA2019_Stn33:trawl1:M0142:p:IcD:Ct,Relative Ct-value, ,24.19433694, , 
IYS:GoA2019_Stn33:trawl1:M0142:p:sch:Ct,Relative Ct-value, ,22.63058472, , 
IYS:GoA2019_Stn33:trawl1:M0143:p:c_b_cys:Ct,Relative Ct-value, ,25.65989971, , 
IYS:GoA2019_Stn33:trawl1:M0143:p:hkg:Ct,Relative Ct-value, ,38.37843514, , 
IYS:GoA2019_Stn33:trawl1:M0143:p:IcD:Ct,Relative Ct-value, ,17.12096524, , 
IYS:GoA2019_Stn33:trawl1:M0144:p:hkg:Ct,Relative Ct-value, ,37.39417124, , 
IYS:GoA2019_Stn33:trawl1:M0144:p:ic_hof:Ct,Relative Ct-value, ,25.76551056, , 
IYS:GoA2019_Stn33:trawl1:M0145:p:c_b_cys:Ct,Relative Ct-value, ,27.32198143, , 
IYS:GoA2019_Stn33:trawl1:M0145:p:hkg:Ct,Relative Ct-value, ,38.00928092, , 
IYS:GoA2019_Stn33:trawl1:M0145:p:IcD:Ct,Relative Ct-value, ,18.60263151, , 
IYS:GoA2019_Stn34:trawl1:M0146:p:c_b_cys:Ct,Relative Ct-value, ,31.50284243, , 
IYS:GoA2019_Stn34:trawl1:M0146:p:hkg:Ct,Relative Ct-value, ,38.31370616, , 
IYS:GoA2019_Stn34:trawl1:M0146:p:pspv:Ct,Relative Ct-value, ,34.20172691, , 
IYS:GoA2019_Stn34:trawl1:M0147:p:hkg:Ct,Relative Ct-value, ,39.05247164, , 
IYS:GoA2019_Stn34:trawl1:M0147:p:IcD:Ct,Relative Ct-value, ,24.92434612, , 
IYS:GoA2019_Stn34:trawl1:M0147:p:lo_sal:Ct,Relative Ct-value, ,29.34196234, , 
IYS:GoA2019_Stn36:trawl1:M0162:p:hkg:Ct,Relative Ct-value, ,37.22477746, , 
IYS:GoA2019_Stn31:trawl1:M0125:p:hkg:Ct,Relative Ct-value, ,34.47380686, , 
IYS:GoA2019_Stn31:trawl1:M0125:p:ic_hof:Ct,Relative Ct-value, ,22.29195786, , 
IYS:GoA2019_Stn31:trawl1:M0125:p:lo_sal:Ct,Relative Ct-value, ,34.86832571, , 
IYS:GoA2019_Stn35:trawl1:M0150:p:c_b_cys:Ct,Relative Ct-value, ,23.73250771, , 
IYS:GoA2019_Stn35:trawl1:M0150:p:hkg:Ct,Relative Ct-value, ,31.99725008, , 
IYS:GoA2019_Stn35:trawl1:M0150:p:pa_pse:Ct,Relative Ct-value, ,25.06642437, , 
IYS:GoA2019_Stn17:trawl1:M0068:p:hkg:Ct,Relative Ct-value, ,33.7454772, , 
IYS:GoA2019_Stn17:trawl1:M0068:p:lo_sal:Ct,Relative Ct-value, ,39.16837835, , 
IYS:GoA2019_Stn6:trawl1:M0023:p:c_b_cys:Ct,Relative Ct-value, ,26.77595329, , 
IYS:GoA2019_Stn6:trawl1:M0023:p:hkg:Ct,Relative Ct-value, ,33.37892103, , 
IYS:GoA2019_Stn38:trawl1:M0177:p:hkg:Ct,Relative Ct-value, ,36.61583805, , 
IYS:GoA2019_Stn38:trawl1:M0177:p:IcD:Ct,Relative Ct-value, ,7.236340385, , 
IYS:GoA2019_Stn38:trawl1:M0177:p:lo_sal:Ct,Relative Ct-value, ,36.01097965, , 
IYS:GoA2019_Stn52:trawl1:M0246:p:hkg:Ct,Relative Ct-value, ,35.34969044, , 
IYS:GoA2019_Stn52:trawl1:M0246:p:ic_hof:Ct,Relative Ct-value, ,36.79487944, , 
IYS:GoA2019_Stn52:trawl1:M0246:p:lo_sal:Ct,Relative Ct-value, ,24.83791065, , 
IYS:GoA2019_Stn52:trawl1:M0246:p:pa_pse:Ct,Relative Ct-value, ,23.06621647, , 
IYS:GoA2019_Stn38:trawl1:M0180:p:c_b_cys:Ct,Relative Ct-value, ,21.32005596, , 
IYS:GoA2019_Stn38:trawl1:M0180:p:hkg:Ct,Relative Ct-value, ,34.15996265, , 
IYS:GoA2019_Stn38:trawl1:M0180:p:IcD:Ct,Relative Ct-value, ,15.69952886, , 
IYS:GoA2019_Stn23:trawl1:M0080:p:c_b_cys:Ct,Relative Ct-value, ,24.65595436, , 
IYS:GoA2019_Stn23:trawl1:M0080:p:hkg:Ct,Relative Ct-value, ,36.65073443, , 
IYS:GoA2019_Stn27:trawl1:M0100:p:hkg:Ct,Relative Ct-value, ,36.97548389, , 
IYS:GoA2019_Stn27:trawl1:M0100:p:IcD:Ct,Relative Ct-value, ,17.57162016, , 
IYS:GoA2019_Stn26:trawl1:M0095:p:ce_sha:Ct,Relative Ct-value, ,18.31999016, , 
IYS:GoA2019_Stn26:trawl1:M0095:p:hkg:Ct,Relative Ct-value, ,35.7350297, , 
IYS:GoA2019_Stn26:trawl1:M0095:p:lo_sal:Ct,Relative Ct-value, ,24.45005131, , 
IYS:GoA2019_Stn30:trawl1:M0114:p:hkg:Ct,Relative Ct-value, ,37.60386467, , 
IYS:GoA2019_Stn30:trawl1:M0114:p:lo_sal:Ct,Relative Ct-value, ,28.8116188, , 
IYS:GoA2019_Stn36:trawl1:M0160:p:c_b_cys:Ct,Relative Ct-value, ,22.91392899, , 
IYS:GoA2019_Stn36:trawl1:M0160:p:hkg:Ct,Relative Ct-value, ,37.6651752, , 
IYS:GoA2019_Stn36:trawl1:M0160:p:lo_sal:Ct,Relative Ct-value, ,38.23358989, , 
IYS:GoA2019_Stn44:trawl1:M0191:p:c_b_cys:Ct,Relative Ct-value, ,25.20017147, , 
IYS:GoA2019_Stn44:trawl1:M0191:p:hkg:Ct,Relative Ct-value, ,35.45612383, , 
IYS:GoA2019_Stn44:trawl1:M0191:p:lo_sal:Ct,Relative Ct-value, ,30.67512941, , 
IYS:GoA2019_Stn36:trawl1:M0167:p:hkg:Ct,Relative Ct-value, ,36.78417254, , 
IYS:GoA2019_Stn36:trawl1:M0167:p:pa_pse:Ct,Relative Ct-value, ,20.40853786, , 
IYS:GoA2019_Stn35:trawl1:M0159:p:c_b_cys:Ct,Relative Ct-value, ,21.09115696, , 
IYS:GoA2019_Stn35:trawl1:M0159:p:hkg:Ct,Relative Ct-value, ,35.0540843, , 
IYS:GoA2019_Stn35:trawl1:M0159:p:IcD:Ct,Relative Ct-value, ,9.951284905, , 
IYS:GoA2019_Stn35:trawl1:M0159:p:lo_sal:Ct,Relative Ct-value, ,26.72123718, , 
IYS:GoA2019_Stn32:trawl1:M0134:p:c_b_cys:Ct,Relative Ct-value, ,24.93981171, , 
IYS:GoA2019_Stn32:trawl1:M0134:p:hkg:Ct,Relative Ct-value, ,37.0392859, , 
IYS:GoA2019_Stn37:trawl1:M0176:p:ce_sha:Ct,Relative Ct-value, ,22.72950935, , 
IYS:GoA2019_Stn37:trawl1:M0176:p:hkg:Ct,Relative Ct-value, ,34.92146683, , 
IYS:GoA2019_Stn37:trawl1:M0176:p:ic_hof:Ct,Relative Ct-value, ,21.66737843, , 
IYS:GoA2019_Stn26:trawl1:M0094:p:hkg:Ct,Relative Ct-value, ,31.97211361, , 
IYS:GoA2019_Stn29:trawl1:M0107:p:hkg:Ct,Relative Ct-value, ,37.81348419, , 
IYS:GoA2019_Stn29:trawl1:M0107:p:sch:Ct,Relative Ct-value, ,23.86879921, , 
IYS:GoA2019_Stn6:trawl1:M0022:p:c_b_cys:Ct,Relative Ct-value, ,28.33540916, , 
IYS:GoA2019_Stn6:trawl1:M0022:p:hkg:Ct,Relative Ct-value, ,34.29323626, , 
IYS:GoA2019_Stn37:trawl1:M0169:p:c_b_cys:Ct,Relative Ct-value, ,24.71929169, , 
IYS:GoA2019_Stn37:trawl1:M0169:p:hkg:Ct,Relative Ct-value, ,35.81381798, , 
IYS:GoA2019_Stn37:trawl1:M0169:p:ic_hof:Ct,Relative Ct-value, ,23.76964855, , 
IYS:GoA2019_Stn37:trawl1:M0170:p:c_b_cys:Ct,Relative Ct-value, ,20.82652855, , 
IYS:GoA2019_Stn37:trawl1:M0170:p:hkg:Ct,Relative Ct-value, ,38.02550888, , 
IYS:GoA2019_Stn37:trawl1:M0170:p:lo_sal:Ct,Relative Ct-value, ,34.85133266, , 
IYS:GoA2019_Stn37:trawl1:M0170:p:sch:Ct,Relative Ct-value, ,22.75505638, , 
IYS:GoA2019_Stn37:trawl1:M0171:p:c_b_cys:Ct,Relative Ct-value, ,30.29446602, , 
IYS:GoA2019_Stn37:trawl1:M0171:p:hkg:Ct,Relative Ct-value, ,37.36873269, , 
IYS:GoA2019_Stn37:trawl1:M0171:p:pspv:Ct,Relative Ct-value, ,26.40662289, , 
IYS:GoA2019_Stn37:trawl1:M0172:p:c_b_cys:Ct,Relative Ct-value, ,25.97101116, , 
IYS:GoA2019_Stn37:trawl1:M0172:p:hkg:Ct,Relative Ct-value, ,35.98833609, , 
IYS:GoA2019_Stn37:trawl1:M0172:p:pspv:Ct,Relative Ct-value, ,27.23702621, , 
IYS:GoA2019_Stn37:trawl1:M0173:p:c_b_cys:Ct,Relative Ct-value, ,23.99561214, , 
IYS:GoA2019_Stn37:trawl1:M0173:p:hkg:Ct,Relative Ct-value, ,36.19754458, , 
IYS:GoA2019_Stn37:trawl1:M0173:p:lo_sal:Ct,Relative Ct-value, ,39.89215303, , 
IYS:GoA2019_Stn37:trawl1:M0173:p:pa_pse:Ct,Relative Ct-value, ,24.90392017, , 
IYS:GoA2019_Stn37:trawl1:M0173:p:pspv:Ct,Relative Ct-value, ,23.57299995, , 
IYS:GoA2019_Stn37:trawl1:M0174:p:c_b_cys:Ct,Relative Ct-value, ,24.00806427, , 
IYS:GoA2019_Stn37:trawl1:M0174:p:hkg:Ct,Relative Ct-value, ,35.48752308, , 
IYS:GoA2019_Stn37:trawl1:M0174:p:lo_sal:Ct,Relative Ct-value, ,26.22894192, , 
IYS:GoA2019_Stn37:trawl1:M0174:p:Picorna2:Ct,Relative Ct-value, ,24.78713799, , 
IYS:GoA2019_Stn37:trawl1:M0174:p:sch:Ct,Relative Ct-value, ,22.25654316, , 
IYS:GoA2019_Stn37:trawl1:M0175:p:hkg:Ct,Relative Ct-value, ,34.94320965, , 
IYS:GoA2019_Stn37:trawl1:M0175:p:lo_sal:Ct,Relative Ct-value, ,30.59702969, , 
IYS:GoA2019_Stn37:trawl1:M0175:p:pspv:Ct,Relative Ct-value, ,32.23043013, , 
IYS:GoA2019_Stn35:trawl1:M0152:p:hkg:Ct,Relative Ct-value, ,34.69515562, , 
IYS:GoA2019_Stn35:trawl1:M0152:p:lo_sal:Ct,Relative Ct-value, ,24.23374748, , 
IYS:GoA2019_Stn30:trawl1:M0118:p:c_b_cys:Ct,Relative Ct-value, ,30.56950569, , 
IYS:GoA2019_Stn30:trawl1:M0118:p:ce_sha:Ct,Relative Ct-value, ,31.64216709, , 
IYS:GoA2019_Stn30:trawl1:M0118:p:hkg:Ct,Relative Ct-value, ,38.43703461, , 
IYS:GoA2019_Stn30:trawl1:M0118:p:IcD:Ct,Relative Ct-value, ,16.71607202, , 
IYS:GoA2019_Stn30:trawl1:M0118:p:lo_sal:Ct,Relative Ct-value, ,27.30407619, , 
IYS:GoA2019_Stn30:trawl1:M0118:p:sch:Ct,Relative Ct-value, ,21.31082726, , 
IYS:GoA2019_Stn35:trawl1:M0155:p:c_b_cys:Ct,Relative Ct-value, ,28.42816067, , 
IYS:GoA2019_Stn35:trawl1:M0155:p:hkg:Ct,Relative Ct-value, ,34.99626637, , 
IYS:GoA2019_Stn35:trawl1:M0155:p:pa_pse:Ct,Relative Ct-value, ,25.60998344, , 
IYS:GoA2019_Stn30:trawl1:M0113:p:hkg:Ct,Relative Ct-value, ,37.3556881, , 
IYS:GoA2019_Stn44:trawl1:M0190:p:c_b_cys:Ct,Relative Ct-value, ,29.47275686, , 
IYS:GoA2019_Stn44:trawl1:M0190:p:hkg:Ct,Relative Ct-value, ,37.93292737, , 
IYS:GoA2019_Stn44:trawl1:M0190:p:IcD:Ct,Relative Ct-value, ,27.80319899, , 
IYS:GoA2019_Stn44:trawl1:M0190:p:lo_sal:Ct,Relative Ct-value, ,21.26459885, , 
IYS:GoA2019_Stn44:trawl1:M0190:p:pa_pse:Ct,Relative Ct-value, ,24.99057198, , 
IYS:GoA2019_Stn5:trawl1:M0017:p:c_b_cys:Ct,Relative Ct-value, ,22.50103188, , 
IYS:GoA2019_Stn5:trawl1:M0017:p:ce_sha:Ct,Relative Ct-value, ,18.8209486, , 
IYS:GoA2019_Stn5:trawl1:M0017:p:hkg:Ct,Relative Ct-value, ,34.00802851, , 
IYS:GoA2019_Stn40:trawl1:M0182:p:hkg:Ct,Relative Ct-value, ,35.10421038, , 
IYS:GoA2019_Stn40:trawl1:M0182:p:lo_sal:Ct,Relative Ct-value, ,22.38467216, , 
IYS:GoA2019_Stn40:trawl1:M0182:p:sp_des:Ct,Relative Ct-value, ,24.29765129, , 
IYS:GoA2019_Stn32:trawl1:M0133:p:ce_sha:Ct,Relative Ct-value, ,19.54344559, , 
IYS:GoA2019_Stn32:trawl1:M0133:p:hkg:Ct,Relative Ct-value, ,35.75385141, , 
IYS:GoA2019_Stn32:trawl1:M0133:p:ic_hof:Ct,Relative Ct-value, ,25.38135242, , 
IYS:GoA2019_Stn32:trawl1:M0133:p:lo_sal:Ct,Relative Ct-value, ,30.20300055, , 
IYS:GoA2019_Stn43:trawl1:M0184:p:c_b_cys:Ct,Relative Ct-value, ,26.99705601, , 
IYS:GoA2019_Stn43:trawl1:M0184:p:hkg:Ct,Relative Ct-value, ,38.19900513, , 
IYS:GoA2019_Stn43:trawl1:M0185:p:c_b_cys:Ct,Relative Ct-value, ,22.145298, , 
IYS:GoA2019_Stn43:trawl1:M0185:p:hkg:Ct,Relative Ct-value, ,35.43064928, , 
IYS:GoA2019_Stn43:trawl1:M0185:p:ver:Ct,Relative Ct-value, ,25.33427334, , 
IYS:GoA2019_Stn17:trawl1:M0067:p:hkg:Ct,Relative Ct-value, ,34.96000862, , 
IYS:GoA2019_Stn17:trawl1:M0067:p:lo_sal:Ct,Relative Ct-value, ,22.205266, , 
IYS:GoA2019_Stn13:trawl1:M0053:p:c_b_cys:Ct,Relative Ct-value, ,24.31684494, , 
IYS:GoA2019_Stn13:trawl1:M0053:p:hkg:Ct,Relative Ct-value, ,34.33640051, , 
IYS:GoA2019_Stn13:trawl1:M0053:p:lo_sal:Ct,Relative Ct-value, ,21.18719864, , 
IYS:GoA2019_Stn13:trawl1:M0053:p:pa_pse:Ct,Relative Ct-value, ,26.32615089, , 
IYS:GoA2019_Stn44:trawl1:M0195:p:hkg:Ct,Relative Ct-value, ,34.79447365, , 
IYS:GoA2019_Stn44:trawl1:M0195:p:lo_sal:Ct,Relative Ct-value, ,30.97452545, , 
IYS:GoA2019_Stn35:trawl1:M0158:p:c_b_cys:Ct,Relative Ct-value, ,26.08323097, , 
IYS:GoA2019_Stn35:trawl1:M0158:p:hkg:Ct,Relative Ct-value, ,36.05639172, , 
IYS:GoA2019_Stn35:trawl1:M0158:p:lo_sal:Ct,Relative Ct-value, ,41.26654112, , 
IYS:GoA2019_Stn32:trawl1:M0135:p:hkg:Ct,Relative Ct-value, ,36.26499796, , 
IYS:GoA2019_Stn32:trawl1:M0135:p:ic_hof:Ct,Relative Ct-value, ,22.45410919, , 
IYS:GoA2019_Stn32:trawl1:M0135:p:lo_sal:Ct,Relative Ct-value, ,27.10800076, , 
IYS:GoA2019_Stn43:trawl1:M0188:p:hkg:Ct,Relative Ct-value, ,37.82957912, , 
IYS:GoA2019_Stn43:trawl1:M0186:p:c_b_cys:Ct,Relative Ct-value, ,28.76598454, , 
IYS:GoA2019_Stn43:trawl1:M0186:p:hkg:Ct,Relative Ct-value, ,37.44204664, , 
IYS:GoA2019_Stn43:trawl1:M0186:p:lo_sal:Ct,Relative Ct-value, ,26.37992954, , 
IYS:GoA2019_Stn43:trawl1:M0186:p:pa_pse:Ct,Relative Ct-value, ,30.40635824, , 
IYS:GoA2019_Stn44:trawl1:M0192:p:c_b_cys:Ct,Relative Ct-value, ,30.14370871, , 
IYS:GoA2019_Stn44:trawl1:M0192:p:hkg:Ct,Relative Ct-value, ,36.29035139, , 
IYS:GoA2019_Stn44:trawl1:M0192:p:IcD:Ct,Relative Ct-value, ,10.40730053, , 
IYS:GoA2019_Stn44:trawl1:M0192:p:lo_sal:Ct,Relative Ct-value, ,26.90359116, , 
IYS:GoA2019_Stn44:trawl1:M0192:p:pa_pse:Ct,Relative Ct-value, ,30.24215269, , 
IYS:GoA2019_Stn39:trawl1:M0181:p:hkg:Ct,Relative Ct-value, ,32.94011831, , 
IYS:GoA2019_Stn39:trawl1:M0181:p:lo_sal:Ct,Relative Ct-value, ,30.55115604, , 
IYS:GoA2019_Stn30:trawl1:M0116:p:c_b_cys:Ct,Relative Ct-value, ,22.76133919, , 
IYS:GoA2019_Stn30:trawl1:M0116:p:hkg:Ct,Relative Ct-value, ,37.27336955, , 
IYS:GoA2019_Stn30:trawl1:M0116:p:ic_hof:Ct,Relative Ct-value, ,25.76057148, , 
IYS:GoA2019_Stn30:trawl1:M0116:p:sch:Ct,Relative Ct-value, ,21.70877171, , 
IYS:GoA2019_Stn36:trawl1:M0161:p:c_b_cys:Ct,Relative Ct-value, ,26.77549553, , 
IYS:GoA2019_Stn36:trawl1:M0161:p:hkg:Ct,Relative Ct-value, ,36.26113176, , 
IYS:GoA2019_Stn36:trawl1:M0161:p:pa_pse:Ct,Relative Ct-value, ,25.24524784, , 
IYS:GoA2019_Stn36:trawl1:M0161:p:ver:Ct,Relative Ct-value, ,23.56844616, , 
IYS:GoA2019_Stn30:trawl1:M0112:p:hkg:Ct,Relative Ct-value, ,35.99231482, , 
IYS:GoA2019_Stn30:trawl1:M0112:p:IcD:Ct,Relative Ct-value, ,23.06285994, , 
IYS:GoA2019_Stn30:trawl1:M0112:p:lo_sal:Ct,Relative Ct-value, ,30.27474833, , 
IYS:GoA2019_Stn34:trawl1:M0149:p:c_b_cys:Ct,Relative Ct-value, ,21.3340826, , 
IYS:GoA2019_Stn34:trawl1:M0149:p:hkg:Ct,Relative Ct-value, ,35.50372362, , 
IYS:GoA2019_Stn34:trawl1:M0149:p:lo_sal:Ct,Relative Ct-value, ,27.36836624, , 
IYS:GoA2019_Stn34:trawl1:M0149:p:pa_pse:Ct,Relative Ct-value, ,21.70603085, , 
IYS:GoA2019_Stn45:trawl1:M0199:p:c_b_cys:Ct,Relative Ct-value, ,34.71435881, , 
IYS:GoA2019_Stn45:trawl1:M0199:p:ce_sha:Ct,Relative Ct-value, ,17.76211643, , 
IYS:GoA2019_Stn45:trawl1:M0199:p:hkg:Ct,Relative Ct-value, ,37.28930426, , 
IYS:GoA2019_Stn45:trawl1:M0199:p:ic_hof:Ct,Relative Ct-value, ,42.5, , 
IYS:GoA2019_Stn45:trawl1:M0199:p:pa_pse:Ct,Relative Ct-value, ,30.32472467, , 
IYS:GoA2019_Stn45:trawl1:M0199:p:pa_ther:Ct,Relative Ct-value, ,25.97334576, , 
IYS:GoA2019_Stn45:trawl1:M0199:p:prv:Ct,Relative Ct-value, ,24.19340324, , 
IYS:GoA2019_Stn45:trawl1:M0200:p:c_b_cys:Ct,Relative Ct-value, ,29.8293395, , 
IYS:GoA2019_Stn45:trawl1:M0200:p:hkg:Ct,Relative Ct-value, ,37.04280281, , 
IYS:GoA2019_Stn45:trawl1:M0200:p:ic_hof:Ct,Relative Ct-value, ,26.84913158, , 
IYS:GoA2019_Stn45:trawl1:M0200:p:lo_sal:Ct,Relative Ct-value, ,40.475914, , 
IYS:GoA2019_Stn45:trawl1:M0200:p:pa_pse:Ct,Relative Ct-value, ,20.51103592, , 
IYS:GoA2019_Stn45:trawl1:M0201:p:c_b_cys:Ct,Relative Ct-value, ,32.1878438, , 
IYS:GoA2019_Stn45:trawl1:M0201:p:hkg:Ct,Relative Ct-value, ,36.54864025, , 
IYS:GoA2019_Stn45:trawl1:M0201:p:IcD:Ct,Relative Ct-value, ,12.59975064, , 
IYS:GoA2019_Stn45:trawl1:M0201:p:pa_pse:Ct,Relative Ct-value, ,23.92525196, , 
IYS:GoA2019_Stn45:trawl1:M0201:p:sp_des:Ct,Relative Ct-value, ,22.21718693, , 
IYS:GoA2019_Stn45:trawl1:M0202:p:c_b_cys:Ct,Relative Ct-value, ,27.80753326, , 
IYS:GoA2019_Stn45:trawl1:M0202:p:hkg:Ct,Relative Ct-value, ,34.97879887, , 
IYS:GoA2019_Stn45:trawl1:M0202:p:lo_sal:Ct,Relative Ct-value, ,25.14804935, , 
IYS:GoA2019_Stn45:trawl1:M0202:p:ver:Ct,Relative Ct-value, ,24.18681908, , 
IYS:GoA2019_Stn45:trawl1:M0203:p:hkg:Ct,Relative Ct-value, ,34.76008511, , 
IYS:GoA2019_Stn45:trawl1:M0203:p:lo_sal:Ct,Relative Ct-value, ,20.68560886, , 
IYS:GoA2019_Stn45:trawl1:M0204:p:hkg:Ct,Relative Ct-value, ,37.26283526, , 
IYS:GoA2019_Stn45:trawl1:M0204:p:IcD:Ct,Relative Ct-value, ,9.49569112, , 
IYS:GoA2019_Stn45:trawl1:M0205:p:c_b_cys:Ct,Relative Ct-value, ,21.01438522, , 
IYS:GoA2019_Stn45:trawl1:M0205:p:hkg:Ct,Relative Ct-value, ,35.82683897, , 
IYS:GoA2019_Stn45:trawl1:M0205:p:lo_sal:Ct,Relative Ct-value, ,39.35552907, , 
IYS:GoA2019_Stn45:trawl1:M0205:p:pa_pse:Ct,Relative Ct-value, ,24.54767799, , 
IYS:GoA2019_Stn45:trawl1:M0206:p:c_b_cys:Ct,Relative Ct-value, ,27.92696667, , 
IYS:GoA2019_Stn45:trawl1:M0206:p:hkg:Ct,Relative Ct-value, ,38.12752342, , 
IYS:GoA2019_Stn45:trawl1:M0206:p:ic_hof:Ct,Relative Ct-value, ,40.56283641, , 
IYS:GoA2019_Stn45:trawl1:M0206:p:lo_sal:Ct,Relative Ct-value, ,21.6440239, , 
IYS:GoA2019_Stn45:trawl1:M0206:p:pa_pse:Ct,Relative Ct-value, ,35.25291538, , 
IYS:GoA2019_Stn45:trawl1:M0206:p:ven:Ct,Relative Ct-value, ,28.87680149, , 
IYS:GoA2019_Stn45:trawl1:M0207:p:hkg:Ct,Relative Ct-value, ,35.69340086, , 
IYS:GoA2019_Stn45:trawl1:M0207:p:ic_hof:Ct,Relative Ct-value, ,24.626091, , 
IYS:GoA2019_Stn45:trawl1:M0207:p:ver:Ct,Relative Ct-value, ,21.75586605, , 
IYS:GoA2019_Stn45:trawl1:M0208:p:c_b_cys:Ct,Relative Ct-value, ,27.0253334, , 
IYS:GoA2019_Stn45:trawl1:M0208:p:ce_sha:Ct,Relative Ct-value, ,33.72920275, , 
IYS:GoA2019_Stn45:trawl1:M0208:p:hkg:Ct,Relative Ct-value, ,37.21385574, , 
IYS:GoA2019_Stn45:trawl1:M0208:p:pa_min:Ct,Relative Ct-value, ,34.67697954, , 
IYS:GoA2019_Stn45:trawl1:M0208:p:ver:Ct,Relative Ct-value, ,22.78118992, , 
IYS:GoA2019_Stn46:trawl1:M0209:p:c_b_cys:Ct,Relative Ct-value, ,25.77109528, , 
IYS:GoA2019_Stn46:trawl1:M0209:p:hkg:Ct,Relative Ct-value, ,33.14085388, , 
IYS:GoA2019_Stn46:trawl1:M0209:p:lo_sal:Ct,Relative Ct-value, ,22.80583286, , 
IYS:GoA2019_Stn46:trawl1:M0210:p:c_b_cys:Ct,Relative Ct-value, ,26.63120461, , 
IYS:GoA2019_Stn46:trawl1:M0210:p:hkg:Ct,Relative Ct-value, ,35.51733446, , 
IYS:GoA2019_Stn46:trawl1:M0210:p:lo_sal:Ct,Relative Ct-value, ,38.91385174, , 
IYS:GoA2019_Stn46:trawl1:M0210:p:pa_ther:Ct,Relative Ct-value, ,21.9935627, , 
IYS:GoA2019_Stn46:trawl1:M0210:p:sch:Ct,Relative Ct-value, ,18.88537407, , 
IYS:GoA2019_Stn46:trawl1:M0210:p:sp_des:Ct,Relative Ct-value, ,29.03106356, , 
IYS:GoA2019_Stn46:trawl1:M0211:p:c_b_cys:Ct,Relative Ct-value, ,31.99928713, , 
IYS:GoA2019_Stn46:trawl1:M0211:p:hkg:Ct,Relative Ct-value, ,36.83692646, , 
IYS:GoA2019_Stn46:trawl1:M0211:p:lo_sal:Ct,Relative Ct-value, ,22.63152695, , 
IYS:GoA2019_Stn46:trawl1:M0211:p:pa_pse:Ct,Relative Ct-value, ,23.48161793, , 
IYS:GoA2019_Stn46:trawl1:M0212:p:hkg:Ct,Relative Ct-value, ,34.47465849, , 
IYS:GoA2019_Stn46:trawl1:M0212:p:ic_hof:Ct,Relative Ct-value, ,21.9223032, , 
IYS:GoA2019_Stn46:trawl1:M0212:p:ver:Ct,Relative Ct-value, ,23.03877354, , 
IYS:GoA2019_Stn46:trawl1:M0213:p:c_b_cys:Ct,Relative Ct-value, ,29.96365023, , 
IYS:GoA2019_Stn46:trawl1:M0213:p:hkg:Ct,Relative Ct-value, ,37.69264793, , 
IYS:GoA2019_Stn46:trawl1:M0213:p:ic_hof:Ct,Relative Ct-value, ,24.36194515, , 
IYS:GoA2019_Stn46:trawl1:M0213:p:IcD:Ct,Relative Ct-value, ,8.87127894, , 
IYS:GoA2019_Stn46:trawl1:M0213:p:lo_sal:Ct,Relative Ct-value, ,26.8385067, , 
IYS:GoA2019_Stn46:trawl1:M0213:p:ver:Ct,Relative Ct-value, ,23.54537964, , 
IYS:GoA2019_Stn46:trawl1:M0214:p:hkg:Ct,Relative Ct-value, ,35.80244446, , 
IYS:GoA2019_Stn46:trawl1:M0214:p:lo_sal:Ct,Relative Ct-value, ,35.79135084, , 
IYS:GoA2019_Stn46:trawl1:M0214:p:my_ins:Ct,Relative Ct-value, ,25.76346016, , 
IYS:GoA2019_Stn46:trawl1:M0214:p:na_sal:Ct,Relative Ct-value, ,26.04397774, , 
IYS:GoA2019_Stn46:trawl1:M0214:p:pa_min:Ct,Relative Ct-value, ,33.48345613, , 
IYS:GoA2019_Stn46:trawl1:M0215:p:c_b_cys:Ct,Relative Ct-value, ,31.60257101, , 
IYS:GoA2019_Stn46:trawl1:M0215:p:hkg:Ct,Relative Ct-value, ,37.9898634, , 
IYS:GoA2019_Stn46:trawl1:M0215:p:lo_sal:Ct,Relative Ct-value, ,33.67627907, , 
IYS:GoA2019_Stn46:trawl1:M0215:p:pa_min:Ct,Relative Ct-value, ,20.78050995, , 
IYS:GoA2019_Stn46:trawl1:M0216:p:ce_sha:Ct,Relative Ct-value, ,23.67868233, , 
IYS:GoA2019_Stn46:trawl1:M0216:p:hkg:Ct,Relative Ct-value, ,36.25774956, , 
IYS:GoA2019_Stn46:trawl1:M0216:p:pa_min:Ct,Relative Ct-value, ,25.39152622, , 
IYS:GoA2019_Stn46:trawl1:M0216:p:Salmovirus:Ct,Relative Ct-value, ,31.13404417, , 
IYS:GoA2019_Stn46:trawl1:M0217:p:hkg:Ct,Relative Ct-value, ,36.6931653, , 
IYS:GoA2019_Stn46:trawl1:M0217:p:ic_hof:Ct,Relative Ct-value, ,24.43502712, , 
IYS:GoA2019_Stn46:trawl1:M0217:p:lo_sal:Ct,Relative Ct-value, ,34.01363945, , 
IYS:GoA2019_Stn46:trawl1:M0218:p:hkg:Ct,Relative Ct-value, ,36.12095738, , 
IYS:GoA2019_Stn46:trawl1:M0218:p:ic_hof:Ct,Relative Ct-value, ,22.43294811, , 
IYS:GoA2019_Stn46:trawl1:M0218:p:lo_sal:Ct,Relative Ct-value, ,25.98052979, , 
IYS:GoA2019_Stn46:trawl1:M0218:p:ver:Ct,Relative Ct-value, ,21.967309, , 
IYS:GoA2019_Stn47:trawl1:M0219:p:hkg:Ct,Relative Ct-value, ,37.20180893, , 
IYS:GoA2019_Stn47:trawl1:M0219:p:ic_hof:Ct,Relative Ct-value, ,24.13935947, , 
IYS:GoA2019_Stn47:trawl1:M0219:p:lo_sal:Ct,Relative Ct-value, ,20.92354774, , 
IYS:GoA2019_Stn47:trawl1:M0219:p:my_ins:Ct,Relative Ct-value, ,22.31163883, , 
IYS:GoA2019_Stn47:trawl1:M0219:p:pa_min:Ct,Relative Ct-value, ,21.60714626, , 
IYS:GoA2019_Stn47:trawl1:M0219:p:pa_ther:Ct,Relative Ct-value, ,20.73356819, , 
IYS:GoA2019_Stn47:trawl1:M0220:p:hkg:Ct,Relative Ct-value, ,35.83649969, , 
IYS:GoA2019_Stn47:trawl1:M0220:p:lo_sal:Ct,Relative Ct-value, ,33.39131308, , 
IYS:GoA2019_Stn47:trawl1:M0220:p:ver:Ct,Relative Ct-value, ,25.11724091, , 
IYS:GoA2019_Stn47:trawl1:M0221:p:c_b_cys:Ct,Relative Ct-value, ,28.22785568, , 
IYS:GoA2019_Stn47:trawl1:M0221:p:hkg:Ct,Relative Ct-value, ,37.80895686, , 
IYS:GoA2019_Stn47:trawl1:M0221:p:ic_hof:Ct,Relative Ct-value, ,22.41312981, , 
IYS:GoA2019_Stn47:trawl1:M0221:p:ver:Ct,Relative Ct-value, ,23.21490192, , 
IYS:GoA2019_Stn48:trawl1:M0222:p:c_b_cys:Ct,Relative Ct-value, ,22.65626049, , 
IYS:GoA2019_Stn48:trawl1:M0222:p:hkg:Ct,Relative Ct-value, ,36.31955195, , 
IYS:GoA2019_Stn48:trawl1:M0222:p:pa_pse:Ct,Relative Ct-value, ,24.73548412, , 
IYS:GoA2019_Stn48:trawl1:M0222:p:sp_des:Ct,Relative Ct-value, ,24.20652485, , 
IYS:GoA2019_Stn48:trawl1:M0223:p:c_b_cys:Ct,Relative Ct-value, ,28.04326534, , 
IYS:GoA2019_Stn48:trawl1:M0223:p:hkg:Ct,Relative Ct-value, ,38.19949412, , 
IYS:GoA2019_Stn48:trawl1:M0223:p:lo_sal:Ct,Relative Ct-value, ,20.74409199, , 
IYS:GoA2019_Stn48:trawl1:M0223:p:ver:Ct,Relative Ct-value, ,23.33280945, , 
IYS:GoA2019_Stn48:trawl1:M0224:p:c_b_cys:Ct,Relative Ct-value, ,21.48373508, , 
IYS:GoA2019_Stn48:trawl1:M0224:p:hkg:Ct,Relative Ct-value, ,34.8066659, , 
IYS:GoA2019_Stn48:trawl1:M0224:p:ic_hof:Ct,Relative Ct-value, ,39.50641918, , 
IYS:GoA2019_Stn48:trawl1:M0224:p:IcD:Ct,Relative Ct-value, ,17.55530269, , 
IYS:GoA2019_Stn48:trawl1:M0224:p:lo_sal:Ct,Relative Ct-value, ,29.48493671, , 
IYS:GoA2019_Stn48:trawl1:M0224:p:ver:Ct,Relative Ct-value, ,22.89774799, , 
IYS:GoA2019_Stn48:trawl1:M0225:p:c_b_cys:Ct,Relative Ct-value, ,29.43583679, , 
IYS:GoA2019_Stn48:trawl1:M0225:p:hkg:Ct,Relative Ct-value, ,38.34595394, , 
IYS:GoA2019_Stn48:trawl1:M0225:p:lo_sal:Ct,Relative Ct-value, ,28.73052216, , 
IYS:GoA2019_Stn48:trawl1:M0225:p:pa_pse:Ct,Relative Ct-value, ,26.66468334, , 
IYS:GoA2019_Stn48:trawl1:M0226:p:c_b_cys:Ct,Relative Ct-value, ,26.27917767, , 
IYS:GoA2019_Stn48:trawl1:M0226:p:hkg:Ct,Relative Ct-value, ,37.04538155, , 
IYS:GoA2019_Stn48:trawl1:M0226:p:ic_hof:Ct,Relative Ct-value, ,26.23534298, , 
IYS:GoA2019_Stn48:trawl1:M0226:p:lo_sal:Ct,Relative Ct-value, ,20.75820923, , 
IYS:GoA2019_Stn48:trawl1:M0227:p:c_b_cys:Ct,Relative Ct-value, ,25.59345055, , 
IYS:GoA2019_Stn48:trawl1:M0227:p:hkg:Ct,Relative Ct-value, ,38.01318336, , 
IYS:GoA2019_Stn48:trawl1:M0227:p:ic_hof:Ct,Relative Ct-value, ,42.5, , 
IYS:GoA2019_Stn48:trawl1:M0227:p:pa_pse:Ct,Relative Ct-value, ,22.05099201, , 
IYS:GoA2019_Stn48:trawl1:M0228:p:c_b_cys:Ct,Relative Ct-value, ,28.51545238, , 
IYS:GoA2019_Stn48:trawl1:M0228:p:hkg:Ct,Relative Ct-value, ,36.91108799, , 
IYS:GoA2019_Stn48:trawl1:M0228:p:ic_hof:Ct,Relative Ct-value, ,24.78075504, , 
IYS:GoA2019_Stn48:trawl1:M0229:p:c_b_cys:Ct,Relative Ct-value, ,23.38505268, , 
IYS:GoA2019_Stn48:trawl1:M0229:p:hkg:Ct,Relative Ct-value, ,37.69491124, , 
IYS:GoA2019_Stn48:trawl1:M0229:p:ic_hof:Ct,Relative Ct-value, ,41.8626076, , 
IYS:GoA2019_Stn48:trawl1:M0229:p:lo_sal:Ct,Relative Ct-value, ,23.73374367, , 
IYS:GoA2019_Stn48:trawl1:M0230:p:c_b_cys:Ct,Relative Ct-value, ,26.81351185, , 
IYS:GoA2019_Stn48:trawl1:M0230:p:hkg:Ct,Relative Ct-value, ,37.22749949, , 
IYS:GoA2019_Stn48:trawl1:M0230:p:IcD:Ct,Relative Ct-value, ,19.50589736, , 
IYS:GoA2019_Stn48:trawl1:M0230:p:lo_sal:Ct,Relative Ct-value, ,26.59824753, , 
IYS:GoA2019_Stn48:trawl1:M0231:p:c_b_cys:Ct,Relative Ct-value, ,24.47074509, , 
IYS:GoA2019_Stn48:trawl1:M0231:p:hkg:Ct,Relative Ct-value, ,38.56064892, , 
IYS:GoA2019_Stn48:trawl1:M0231:p:ic_hof:Ct,Relative Ct-value, ,21.93458176, , 
IYS:GoA2019_Stn48:trawl1:M0232:p:c_b_cys:Ct,Relative Ct-value, ,20.73465919, , 
IYS:GoA2019_Stn48:trawl1:M0232:p:hkg:Ct,Relative Ct-value, ,36.94526768, , 
IYS:GoA2019_Stn48:trawl1:M0232:p:ic_hof:Ct,Relative Ct-value, ,24.43386555, , 
IYS:GoA2019_Stn48:trawl1:M0232:p:lo_sal:Ct,Relative Ct-value, ,21.80661583, , 
IYS:GoA2019_Stn49:trawl1:M0233:p:c_b_cys:Ct,Relative Ct-value, ,27.66018295, , 
IYS:GoA2019_Stn49:trawl1:M0233:p:hkg:Ct,Relative Ct-value, ,38.27065921, , 
IYS:GoA2019_Stn49:trawl1:M0233:p:ic_hof:Ct,Relative Ct-value, ,24.22725964, , 
IYS:GoA2019_Stn49:trawl1:M0233:p:lo_sal:Ct,Relative Ct-value, ,26.24533558, , 
IYS:GoA2019_Stn49:trawl1:M0233:p:Salmovirus:Ct,Relative Ct-value, ,23.00583458, , 
IYS:GoA2019_Stn49:trawl1:M0233:p:ver:Ct,Relative Ct-value, ,24.09795189, , 
IYS:GoA2019_Stn49:trawl1:M0234:p:c_b_cys:Ct,Relative Ct-value, ,24.03396893, , 
IYS:GoA2019_Stn49:trawl1:M0234:p:hkg:Ct,Relative Ct-value, ,38.58874226, , 
IYS:GoA2019_Stn49:trawl1:M0234:p:lo_sal:Ct,Relative Ct-value, ,23.04829407, , 
IYS:GoA2019_Stn49:trawl1:M0234:p:Salmovirus:Ct,Relative Ct-value, ,29.82009077, , 
IYS:GoA2019_Stn49:trawl1:M0234:p:ver:Ct,Relative Ct-value, ,20.7091341, , 
IYS:GoA2019_Stn49:trawl1:M0235:p:c_b_cys:Ct,Relative Ct-value, ,31.7291441, , 
IYS:GoA2019_Stn49:trawl1:M0235:p:hkg:Ct,Relative Ct-value, ,37.77403092, , 
IYS:GoA2019_Stn49:trawl1:M0235:p:ic_hof:Ct,Relative Ct-value, ,22.27168751, , 
IYS:GoA2019_Stn49:trawl1:M0235:p:lo_sal:Ct,Relative Ct-value, ,41.60022378, , 
IYS:GoA2019_Stn49:trawl1:M0235:p:pa_pse:Ct,Relative Ct-value, ,23.73185921, , 
IYS:GoA2019_Stn49:trawl1:M0236:p:c_b_cys:Ct,Relative Ct-value, ,28.28017998, , 
IYS:GoA2019_Stn49:trawl1:M0236:p:hkg:Ct,Relative Ct-value, ,37.29333687, , 
IYS:GoA2019_Stn49:trawl1:M0236:p:ic_hof:Ct,Relative Ct-value, ,40.79009056, , 
IYS:GoA2019_Stn49:trawl1:M0236:p:lo_sal:Ct,Relative Ct-value, ,27.49167252, , 
IYS:GoA2019_Stn49:trawl1:M0237:p:c_b_cys:Ct,Relative Ct-value, ,29.37035322, , 
IYS:GoA2019_Stn49:trawl1:M0237:p:hkg:Ct,Relative Ct-value, ,37.71303606, , 
IYS:GoA2019_Stn49:trawl1:M0237:p:ic_hof:Ct,Relative Ct-value, ,40.95942116, , 
IYS:GoA2019_Stn49:trawl1:M0237:p:IcD:Ct,Relative Ct-value, ,20.73968592, , 
IYS:GoA2019_Stn49:trawl1:M0237:p:lo_sal:Ct,Relative Ct-value, ,39.42389464, , 
IYS:GoA2019_Stn49:trawl1:M0237:p:pa_pse:Ct,Relative Ct-value, ,21.94029617, , 
IYS:GoA2019_Stn49:trawl1:M0238:p:c_b_cys:Ct,Relative Ct-value, ,32.13735056, , 
IYS:GoA2019_Stn49:trawl1:M0238:p:hkg:Ct,Relative Ct-value, ,37.04723215, , 
IYS:GoA2019_Stn49:trawl1:M0238:p:ic_hof:Ct,Relative Ct-value, ,40.954041, , 
IYS:GoA2019_Stn49:trawl1:M0238:p:lo_sal:Ct,Relative Ct-value, ,23.48474216, , 
IYS:GoA2019_Stn49:trawl1:M0239:p:hkg:Ct,Relative Ct-value, ,36.79384375, , 
IYS:GoA2019_Stn49:trawl1:M0239:p:lo_sal:Ct,Relative Ct-value, ,28.90698195, , 
IYS:GoA2019_Stn51:trawl1:M0240:p:c_b_cys:Ct,Relative Ct-value, ,32.43021536, , 
IYS:GoA2019_Stn51:trawl1:M0240:p:ce_sha:Ct,Relative Ct-value, ,23.73118591, , 
IYS:GoA2019_Stn51:trawl1:M0240:p:hkg:Ct,Relative Ct-value, ,38.07113218, , 
IYS:GoA2019_Stn51:trawl1:M0240:p:ic_hof:Ct,Relative Ct-value, ,39.51585531, , 
IYS:GoA2019_Stn51:trawl1:M0240:p:pa_min:Ct,Relative Ct-value, ,33.35801554, , 
IYS:GoA2019_Stn51:trawl1:M0240:p:sp_des:Ct,Relative Ct-value, ,33.21575451, , 
IYS:GoA2019_Stn51:trawl1:M0241:p:c_b_cys:Ct,Relative Ct-value, ,30.70507145, , 
IYS:GoA2019_Stn51:trawl1:M0241:p:hkg:Ct,Relative Ct-value, ,37.60496879, , 
IYS:GoA2019_Stn52:trawl1:M0242:p:c_b_cys:Ct,Relative Ct-value, ,31.2519722, , 
IYS:GoA2019_Stn52:trawl1:M0242:p:hkg:Ct,Relative Ct-value, ,37.27652335, , 
IYS:GoA2019_Stn52:trawl1:M0242:p:ic_hof:Ct,Relative Ct-value, ,22.8222847, , 
IYS:GoA2019_Stn52:trawl1:M0243:p:c_b_cys:Ct,Relative Ct-value, ,31.32056093, , 
IYS:GoA2019_Stn52:trawl1:M0243:p:hkg:Ct,Relative Ct-value, ,36.57830954, , 
IYS:GoA2019_Stn52:trawl1:M0243:p:ic_hof:Ct,Relative Ct-value, ,25.22483253, , 
IYS:GoA2019_Stn52:trawl1:M0244:p:hkg:Ct,Relative Ct-value, ,36.75775194, , 
IYS:GoA2019_Stn52:trawl1:M0244:p:ic_hof:Ct,Relative Ct-value, ,23.82701588, , 
IYS:GoA2019_Stn52:trawl1:M0245:p:c_b_cys:Ct,Relative Ct-value, ,30.04796553, , 
IYS:GoA2019_Stn52:trawl1:M0245:p:hkg:Ct,Relative Ct-value, ,37.32482886, , 
IYS:GoA2019_Stn52:trawl1:M0245:p:ic_hof:Ct,Relative Ct-value, ,34.74926233, , 
IYS:GoA2019_Stn52:trawl1:M0245:p:lo_sal:Ct,Relative Ct-value, ,41.86917675, , 
IYS:GoA2019_Stn52:trawl1:M0245:p:pa_pse:Ct,Relative Ct-value, ,24.25169754, , 
IYS:GoA2019_Stn52:trawl1:M0245:p:ver:Ct,Relative Ct-value, ,21.16069984, , 
IYS:GoA2019_Stn30:trawl1:M0110:p:hkg:Ct,Relative Ct-value, ,34.89580631, , 
IYS:GoA2019_Stn30:trawl1:M0110:p:lo_sal:Ct,Relative Ct-value, ,29.31367922, , 
IYS:GoA2019_Stn54:trawl1:M0247:p:c_b_cys:Ct,Relative Ct-value, ,29.13610458, , 
IYS:GoA2019_Stn54:trawl1:M0247:p:hkg:Ct,Relative Ct-value, ,37.58922672, , 
IYS:GoA2019_Stn54:trawl1:M0247:p:ic_hof:Ct,Relative Ct-value, ,30.39566898, , 
IYS:GoA2019_Stn54:trawl1:M0248:p:c_b_cys:Ct,Relative Ct-value, ,22.71703148, , 
IYS:GoA2019_Stn54:trawl1:M0248:p:hkg:Ct,Relative Ct-value, ,36.95007062, , 
IYS:GoA2019_Stn54:trawl1:M0248:p:ic_hof:Ct,Relative Ct-value, ,29.39962673, , 
IYS:GoA2019_Stn54:trawl1:M0248:p:lo_sal:Ct,Relative Ct-value, ,38.64919972, , 
IYS:GoA2019_Stn54:trawl1:M0248:p:pa_min:Ct,Relative Ct-value, ,24.22808456, , 
IYS:GoA2019_Stn54:trawl1:M0248:p:pa_pse:Ct,Relative Ct-value, ,25.43493652, , 
IYS:GoA2019_Stn54:trawl1:M0248:p:sp_des:Ct,Relative Ct-value, ,23.62255478, , 
IYS:GoA2019_Stn54:trawl1:M0249:p:hkg:Ct,Relative Ct-value, ,35.41214657, , 
IYS:GoA2019_Stn54:trawl1:M0249:p:ic_hof:Ct,Relative Ct-value, ,29.92603302, , 
IYS:GoA2019_Stn54:trawl1:M0249:p:lo_sal:Ct,Relative Ct-value, ,25.60405064, , 
IYS:GoA2019_Stn54:trawl1:M0249:p:pa_pse:Ct,Relative Ct-value, ,22.24295998, , 
IYS:GoA2019_Stn54:trawl1:M0249:p:sch:Ct,Relative Ct-value, ,20.50893784, , 
IYS:GoA2019_Stn54:trawl1:M0250:p:hkg:Ct,Relative Ct-value, ,36.99882579, , 
IYS:GoA2019_Stn54:trawl1:M0250:p:lo_sal:Ct,Relative Ct-value, ,41.66588724, , 
IYS:GoA2019_Stn54:trawl1:M0251:p:c_b_cys:Ct,Relative Ct-value, ,21.74837971, , 
IYS:GoA2019_Stn54:trawl1:M0251:p:hkg:Ct,Relative Ct-value, ,36.83202791, , 
IYS:GoA2019_Stn54:trawl1:M0251:p:lo_sal:Ct,Relative Ct-value, ,39.35202551, , 
IYS:GoA2019_Stn54:trawl1:M0252:p:c_b_cys:Ct,Relative Ct-value, ,30.20377159, , 
IYS:GoA2019_Stn54:trawl1:M0252:p:hkg:Ct,Relative Ct-value, ,37.17275572, , 
IYS:GoA2019_Stn54:trawl1:M0252:p:pa_pse:Ct,Relative Ct-value, ,24.26943207, , 
IYS:GoA2019_Stn31:trawl1:M0124:p:hkg:Ct,Relative Ct-value, ,36.9666884, , 
IYS:GoA2019_Stn31:trawl1:M0124:p:lo_sal:Ct,Relative Ct-value, ,36.57512331, , 
IYS:GoA2019_Stn44:trawl1:M0196:p:c_b_cys:Ct,Relative Ct-value, ,25.07511997, , 
IYS:GoA2019_Stn44:trawl1:M0196:p:hkg:Ct,Relative Ct-value, ,38.16783214, , 
IYS:GoA2019_Stn44:trawl1:M0196:p:lo_sal:Ct,Relative Ct-value, ,29.73046827, , 
IYS:GoA2019_Stn60:trawl1:M0255:p:c_b_cys:Ct,Relative Ct-value, ,24.24224567, , 
IYS:GoA2019_Stn60:trawl1:M0255:p:hkg:Ct,Relative Ct-value, ,35.11881352, , 
IYS:GoA2019_Stn60:trawl1:M0255:p:ic_hof:Ct,Relative Ct-value, ,38.85063601, , 
IYS:GoA2019_Stn60:trawl1:M0255:p:lo_sal:Ct,Relative Ct-value, ,20.45022202, , 
